area label,area,Cumulative no. residents who have received one dose of a COVID-19 vaccine,Cumulative no. residents who have received one dose of a COVID-19 vaccine,Cumulative no. residents who have received one dose of a COVID-19 vaccine,Cumulative no. residents who have received one dose of a COVID-19 vaccine,Cumulative no. residents who have received one dose of a COVID-19 vaccine,Cumulative no. residents who have received one dose of a COVID-19 vaccine,Cumulative no. residents who have received one dose of a COVID-19 vaccine,Cumulative no. residents who have received one dose of a COVID-19 vaccine,Cumulative no. residents who have received one dose of a COVID-19 vaccine,Cumulative no. residents who have received one dose of a COVID-19 vaccine,Cumulative no. residents who have received one dose of a COVID-19 vaccine,Cumulative no. residents who have received one dose of a COVID-19 vaccine,Cumulative no. residents who have received one dose of a COVID-19 vaccine,Cumulative no. residents who have received one dose of a COVID-19 vaccine,Cumulative no. residents who have received one dose of a COVID-19 vaccine,Cumulative no. residents who have received one dose of a COVID-19 vaccine,Cumulative no. residents who have received one dose of a COVID-19 vaccine,Cumulative no. residents who have received one dose of a COVID-19 vaccine,Cumulative no. residents who have received one dose of a COVID-19 vaccine,Cumulative no. residents who have received one dose of a COVID-19 vaccine,Cumulative no. residents who have received one dose of a COVID-19 vaccine,Cumulative no. residents who have received one dose of a COVID-19 vaccine
area label,area,14814.00,14814.00,14814.00,14814.00,14814.00,14814.00,14814.00,14814.00,14814.00,14814.00,14814.00,14814.00,14814.00,14814.00,14814.00,14814.00,14814.00,14814.00,14814.00,14814.00,14814.00,14814.00
area label,area,Count,Count,Count,Count,Count,Count,Count,Count,Count,Count,Count,Count,Count,Count,Count,Count,Count,Count,Count,Count,Count,Count
area label,area,raw,raw,raw,raw,raw,raw,raw,raw,raw,raw,raw,raw,raw,raw,raw,raw,raw,raw,raw,raw,raw,raw
area label,area,Week end 21/02/2021,Week end 28/02/2021,Week end 07/03/2021,Week end 14/03/2021,Week end 21/03/2021,Week end 28/03/2021,Week end 04/04/2021,Week end 11/04/2021,Week end 18/04/2021,Week end 25/04/2021,Week end 02/05/2021,Week end 09/05/2021,Week end 16/05/2021,Week end 23/05/2021,Week end 30/05/2021,Week end 06/06/2021,Week end 13/06/2021,Week end 20/06/2021,Week end 27/06/2021,Week end 04/07/2021,Week end 11/07/2021,Week end 18/07/2021
area label,area,weekly_2021_02_21,weekly_2021_02_28,weekly_2021_03_07,weekly_2021_03_14,weekly_2021_03_21,weekly_2021_03_28,weekly_2021_04_04,weekly_2021_04_11,weekly_2021_04_18,weekly_2021_04_25,weekly_2021_05_02,weekly_2021_05_09,weekly_2021_05_16,weekly_2021_05_23,weekly_2021_05_30,weekly_2021_06_06,weekly_2021_06_13,weekly_2021_06_20,weekly_2021_06_27,weekly_2021_07_04,weekly_2021_07_11,weekly_2021_07_18
Aberdeen,S12000033,no value,no value,no value,no value,no value,no value,no value,no value,no value,no value,no value,no value,no value,no value,no value,no value,no value,no value,no value,no value,no value,no value
Aberdeenshire,S12000034,no value,no value,no value,no value,no value,no value,no value,no value,no value,no value,no value,no value,no value,no value,no value,no value,no value,no value,no value,no value,no value,no value
Adur,E07000223,20418.00,23944.00,25790.00,27551.00,32118.00,33686.00,33873.00,34260.00,35215.00,36351.00,37518.00,38119.00,39480.00,41657.00,42156.00,42930.00,43955.00,44759.00,45457.00,46403.00,46807.00,47132.00
Allerdale,E07000026,29290.00,33860.00,37161.00,41857.00,49404.00,56155.00,57863.00,58581.00,59049.00,60217.00,61128.00,62220.00,65007.00,68401.00,70766.00,72203.00,72724.00,73257.00,73975.00,74246.00,74589.00,74800.00
Amber Valley,E07000032,37885.00,43827.00,48461.00,53175.00,63010.00,70437.00,72438.00,74401.00,74923.00,75999.00,76620.00,77137.00,77751.00,79996.00,82735.00,83930.00,86624.00,89434.00,91691.00,92969.00,93578.00,93930.00
Angus,S12000041,no value,no value,no value,no value,no value,no value,no value,no value,no value,no value,no value,no value,no value,no value,no value,no value,no value,no value,no value,no value,no value,no value
Antrim and Newtownabbey,N09000001,no value,no value,no value,no value,no value,no value,no value,no value,no value,no value,no value,no value,no value,no value,no value,no value,no value,no value,no value,no value,no value,no value
Ards and North Down,N09000011,no value,no value,no value,no value,no value,no value,no value,no value,no value,no value,no value,no value,no value,no value,no value,no value,no value,no value,no value,no value,no value,no value
Argyll and Bute,S12000035,no value,no value,no value,no value,no value,no value,no value,no value,no value,no value,no value,no value,no value,no value,no value,no value,no value,no value,no value,no value,no value,no value
Armagh Banbridge and Craigavon,N09000002,no value,no value,no value,no value,no value,no value,no value,no value,no value,no value,no value,no value,no value,no value,no value,no value,no value,no value,no value,no value,no value,no value
Arun,E07000224,57516.00,65425.00,71856.00,76426.00,83535.00,89958.00,90983.00,91485.00,92871.00,94729.00,96126.00,97986.00,99603.00,102687.00,105645.00,108590.00,110008.00,113197.00,116493.00,118706.00,120117.00,120943.00
Ashfield,E07000170,37680.00,45910.00,50230.00,53466.00,61065.00,65335.00,66459.00,66942.00,68195.00,68921.00,69732.00,70975.00,72028.00,74198.00,77267.00,78514.00,80734.00,83428.00,85803.00,86880.00,87365.00,87762.00
Ashford,E07000105,35615.00,39861.00,44162.00,48767.00,57072.00,62570.00,64156.00,64603.00,65695.00,66732.00,67734.00,69958.00,72561.00,75246.00,77819.00,78923.00,81284.00,84324.00,87406.00,89875.00,91422.00,92226.00
Babergh,E07000200,33137.00,38322.00,41476.00,43920.00,50004.00,51803.00,52343.00,52628.00,53308.00,54156.00,54750.00,55630.00,57965.00,60958.00,61905.00,62851.00,64227.00,65707.00,67021.00,67803.00,68632.00,69271.00
Barking and Dagenham,E09000002,34628.00,40147.00,46747.00,52133.00,59603.00,66049.00,68055.00,69269.00,71879.00,73594.00,76504.00,78227.00,81696.00,85492.00,89732.00,92729.00,97039.00,100888.00,104956.00,107775.00,109509.00,110715.00
Barnet,E09000003,94934.00,110440.00,124944.00,133213.00,144281.00,159452.00,163084.00,164962.00,167727.00,170853.00,174791.00,181447.00,188207.00,194674.00,202532.00,209816.00,217408.00,225549.00,232895.00,238112.00,241682.00,243883.00
Barnsley,E08000016,63948.00,69872.00,77616.00,91282.00,109796.00,120181.00,122825.00,123754.00,128069.00,131229.00,135078.00,137339.00,140282.00,146878.00,151091.00,153716.00,159162.00,163977.00,166916.00,168486.00,169886.00,171046.00
Barrow-in-Furness,E07000027,21155.00,22996.00,25119.00,27562.00,30307.00,33690.00,34405.00,35256.00,35937.00,37387.00,38015.00,39065.00,41081.00,42736.00,43436.00,43976.00,44607.00,45596.00,46872.00,47849.00,48361.00,48601.00
Basildon,E07000066,42762.00,49924.00,56207.00,61213.00,71995.00,86269.00,90270.00,91005.00,92621.00,95077.00,96869.00,99196.00,103007.00,108473.00,111695.00,113346.00,115403.00,117728.00,120500.00,122476.00,123557.00,124370.00
Basingstoke and Deane,E07000084,45922.00,52691.00,58794.00,63609.00,73170.00,85099.00,88218.00,89091.00,90610.00,91534.00,92953.00,96268.00,99984.00,103892.00,109150.00,111904.00,114939.00,120368.00,125323.00,128287.00,129687.00,130904.00
Bassetlaw,E07000171,36179.00,41137.00,45700.00,48452.00,57092.00,61942.00,63187.00,67211.00,67858.00,69245.00,69843.00,70240.00,71553.00,74092.00,75916.00,77329.00,79639.00,81221.00,83845.00,84767.00,85272.00,85611.00
Bath and North East Somerset,E06000022,51457.00,60467.00,67758.00,71457.00,82481.00,88144.00,89443.00,89797.00,91416.00,92859.00,94814.00,99060.00,102867.00,105767.00,108808.00,111524.00,115045.00,120821.00,128439.00,133294.00,136062.00,137573.00
Bedford Borough,E06000055,46083.00,52800.00,56644.00,61740.00,72792.00,79526.00,80633.00,81474.00,83183.00,85332.00,87995.00,90613.00,93207.00,95758.00,101424.00,108008.00,113670.00,116387.00,118324.00,119353.00,120139.00,120748.00
Belfast,N09000003,no value,no value,no value,no value,no value,no value,no value,no value,no value,no value,no value,no value,no value,no value,no value,no value,no value,no value,no value,no value,no value,no value
Bexley,E09000004,62510.00,72494.00,78877.00,85108.00,95611.00,104542.00,108010.00,109837.00,112266.00,114522.00,117024.00,120358.00,124496.00,130922.00,136901.00,140709.00,144780.00,148216.00,152271.00,154895.00,157260.00,158767.00
Birmingham,E08000025,231383.00,278691.00,315035.00,345468.00,386924.00,422600.00,432915.00,441721.00,451189.00,459836.00,468855.00,477708.00,486637.00,505252.00,524487.00,539738.00,560556.00,585194.00,606866.00,618459.00,626298.00,632260.00
Blaby,E07000129,30535.00,34591.00,37866.00,40925.00,46736.00,52418.00,54634.00,56185.00,56684.00,57550.00,58621.00,59289.00,61523.00,63683.00,65974.00,67758.00,69076.00,70429.00,71413.00,71908.00,72394.00,72708.00
Blackburn with Darwen,E06000008,33660.00,37941.00,43188.00,47608.00,55037.00,61219.00,63581.00,64167.00,65080.00,65597.00,67217.00,69715.00,72210.00,80285.00,84188.00,86384.00,87959.00,90064.00,91887.00,92768.00,93558.00,94159.00
Blackpool,E06000009,46081.00,51596.00,58525.00,64748.00,72143.00,75888.00,77128.00,77888.00,78690.00,79624.00,81223.00,82583.00,84403.00,85727.00,87978.00,89306.00,90796.00,92881.00,95534.00,96966.00,97726.00,98293.00
Blaenau Gwent,W06000019,no value,no value,no value,no value,no value,no value,no value,no value,no value,no value,no value,no value,no value,no value,no value,no value,no value,no value,no value,no value,no value,no value
Bolsover,E07000033,23420.00,28533.00,30636.00,33122.00,39008.00,42408.00,43308.00,43722.00,44410.00,45045.00,45743.00,46341.00,47196.00,48839.00,50664.00,51758.00,53427.00,55024.00,56098.00,56576.00,56878.00,57132.00
Bolton,E08000001,77371.00,90026.00,100676.00,109212.00,119121.00,127447.00,129859.00,131233.00,133431.00,136986.00,140332.00,144886.00,153533.00,167742.00,174776.00,178886.00,182683.00,185232.00,188223.00,190318.00,191732.00,192910.00
Boston,E07000136,19948.00,22066.00,25017.00,27081.00,30994.00,33167.00,33784.00,34060.00,34660.00,35301.00,36164.00,36825.00,37236.00,38555.00,39706.00,40118.00,41300.00,42764.00,43941.00,44571.00,44924.00,45229.00
"Bournemouth, Christchurch and Poole",E06000058,125356.00,140315.00,152122.00,166577.00,192188.00,211203.00,215030.00,216566.00,217927.00,218912.00,221102.00,223783.00,229794.00,236030.00,241183.00,245172.00,251591.00,261799.00,268002.00,272541.00,276421.00,279009.00
Bracknell Forest,E06000036,27731.00,30203.00,33647.00,38436.00,46818.00,53083.00,54253.00,54876.00,57971.00,60948.00,61711.00,63162.00,65098.00,68971.00,71267.00,72884.00,74466.00,80819.00,83301.00,84558.00,85426.00,85950.00
Bradford,E08000032,121894.00,140460.00,159754.00,175276.00,200350.00,219473.00,225402.00,230649.00,235205.00,240467.00,244875.00,248997.00,258296.00,268126.00,279516.00,287466.00,296963.00,305442.00,313840.00,318374.00,321294.00,323596.00
Braintree,E07000067,40136.00,45777.00,50093.00,53984.00,64939.00,74534.00,78231.00,78925.00,80411.00,81901.00,82919.00,84279.00,86498.00,90954.00,92972.00,95137.00,97773.00,100510.00,103282.00,105379.00,106847.00,107743.00
Breckland,E07000143,47244.00,52070.00,55978.00,60881.00,70162.00,74960.00,75916.00,76219.00,77319.00,80489.00,81594.00,83064.00,85283.00,87440.00,90052.00,92163.00,94411.00,96913.00,99724.00,102204.00,103357.00,103984.00
Brent,E09000005,69832.00,81394.00,89930.00,97071.00,111640.00,122118.00,125113.00,128025.00,130777.00,133782.00,136073.00,142047.00,149845.00,156850.00,164324.00,172850.00,181215.00,189196.00,195782.00,200719.00,203733.00,205996.00
Brentwood,E07000068,19107.00,21400.00,24030.00,26559.00,32060.00,35951.00,37844.00,38020.00,38732.00,40109.00,40918.00,41977.00,44332.00,46803.00,48178.00,48881.00,49901.00,50544.00,52686.00,53538.00,53871.00,54168.00
Bridgend,W06000013,no value,no value,no value,no value,no value,no value,no value,no value,no value,no value,no value,no value,no value,no value,no value,no value,no value,no value,no value,no value,no value,no value
Brighton and Hove,E06000043,61998.00,71681.00,80364.00,86129.00,104041.00,116572.00,118537.00,119663.00,123127.00,129340.00,132117.00,136455.00,141917.00,147919.00,155240.00,160199.00,166534.00,178082.00,184194.00,190423.00,194174.00,196320.00
Bristol,E06000023,100776.00,116531.00,129507.00,145132.00,168870.00,183675.00,187000.00,189141.00,191375.00,194718.00,199643.00,207974.00,215111.00,223818.00,233334.00,244629.00,259547.00,275836.00,294582.00,304215.00,310483.00,314961.00
Broadland,E07000144,44292.00,51219.00,55686.00,60325.00,68080.00,73796.00,75225.00,75503.00,76175.00,77559.00,79189.00,80207.00,83159.00,86772.00,89334.00,90932.00,92761.00,94563.00,97357.00,99120.00,100153.00,100845.00
Bromley,E09000006,92760.00,105544.00,112667.00,118252.00,133290.00,146208.00,148927.00,150205.00,156130.00,158914.00,163036.00,167572.00,175609.00,183649.00,189971.00,196023.00,203236.00,209626.00,215204.00,219316.00,222586.00,224271.00
Bromsgrove,E07000234,31729.00,35706.00,40276.00,43837.00,50754.00,54608.00,55407.00,56146.00,57270.00,58104.00,59391.00,60309.00,62503.00,63747.00,65668.00,66508.00,67771.00,69510.00,71386.00,72100.00,72535.00,72897.00
Broxbourne,E07000095,21879.00,25483.00,28910.00,32311.00,38772.00,43115.00,44567.00,44936.00,46003.00,47342.00,48830.00,50107.00,51040.00,53098.00,54802.00,56109.00,57511.00,59094.00,61566.00,62693.00,63378.00,63815.00
Broxtowe,E07000172,34494.00,40108.00,44387.00,47705.00,54645.00,57756.00,58928.00,59398.00,60606.00,61344.00,62352.00,63937.00,64598.00,66739.00,70188.00,71275.00,73687.00,76132.00,78961.00,80540.00,81372.00,81974.00
Buckinghamshire,E06000060,141969.00,160293.00,179365.00,202275.00,232439.00,254703.00,261285.00,263176.00,269961.00,277829.00,283816.00,293515.00,300987.00,312853.00,325302.00,334350.00,345105.00,354923.00,366862.00,375317.00,380192.00,383441.00
Burnley,E07000117,22215.00,25147.00,27601.00,30208.00,33417.00,37119.00,39595.00,40746.00,41453.00,42370.00,43644.00,44973.00,46420.00,48768.00,51137.00,52680.00,53914.00,55095.00,56203.00,56760.00,57167.00,57547.00
Bury,E08000002,59010.00,65221.00,71501.00,76239.00,85664.00,90282.00,91439.00,92161.00,92993.00,94368.00,96901.00,99425.00,103821.00,108376.00,112348.00,115976.00,120340.00,123477.00,125513.00,126720.00,127657.00,128513.00
Caerphilly,W06000018,no value,no value,no value,no value,no value,no value,no value,no value,no value,no value,no value,no value,no value,no value,no value,no value,no value,no value,no value,no value,no value,no value
Calderdale,E08000033,55918.00,64404.00,71568.00,79732.00,91513.00,101099.00,104461.00,105477.00,107470.00,109676.00,111899.00,114172.00,117727.00,121169.00,124943.00,127317.00,130866.00,136001.00,139346.00,140801.00,141666.00,142478.00
Cambridge,E07000008,27725.00,32899.00,37902.00,40961.00,47008.00,49854.00,50388.00,50817.00,51900.00,53701.00,55464.00,58250.00,61744.00,64540.00,68006.00,72159.00,77123.00,83791.00,91176.00,95068.00,97620.00,98798.00
Cambridgeshire,E10000003,175571.00,205568.00,232279.00,254803.00,291818.00,316472.00,320506.00,323133.00,330096.00,341836.00,350738.00,361667.00,376549.00,390555.00,405194.00,417548.00,432172.00,448678.00,468629.00,478771.00,485046.00,488892.00
Camden,E09000007,42100.00,50879.00,56823.00,62088.00,70940.00,77789.00,79337.00,80577.00,84014.00,87278.00,90327.00,93611.00,97735.00,103032.00,108392.00,115124.00,122427.00,131775.00,139066.00,143745.00,146249.00,147885.00
Cannock Chase,E07000192,28042.00,33606.00,38251.00,41000.00,48275.00,52366.00,54047.00,54922.00,55286.00,55821.00,57256.00,57748.00,58284.00,60383.00,62661.00,63801.00,65247.00,67661.00,69816.00,70915.00,71299.00,71709.00
Canterbury,E07000106,46943.00,51257.00,56325.00,60543.00,70122.00,74871.00,76760.00,77114.00,77796.00,79286.00,82454.00,83703.00,86036.00,89037.00,92430.00,94063.00,96562.00,102114.00,106136.00,108923.00,110709.00,111845.00
Cardiff,W06000015,no value,no value,no value,no value,no value,no value,no value,no value,no value,no value,no value,no value,no value,no value,no value,no value,no value,no value,no value,no value,no value,no value
Carlisle,E07000028,30297.00,35229.00,37549.00,43230.00,49676.00,54373.00,55785.00,56427.00,57723.00,58947.00,59793.00,61308.00,63401.00,65732.00,68241.00,70423.00,71367.00,74120.00,75815.00,76963.00,77999.00,78526.00
Carmarthenshire,W06000010,no value,no value,no value,no value,no value,no value,no value,no value,no value,no value,no value,no value,no value,no value,no value,no value,no value,no value,no value,no value,no value,no value
Castle Point,E07000069,27580.00,30407.00,33071.00,35388.00,42458.00,48922.00,50307.00,50702.00,51563.00,53085.00,53399.00,54185.00,56114.00,58452.00,59090.00,59554.00,60380.00,61959.00,63442.00,64338.00,65217.00,65641.00
Causeway Coast and Glens,N09000004,no value,no value,no value,no value,no value,no value,no value,no value,no value,no value,no value,no value,no value,no value,no value,no value,no value,no value,no value,no value,no value,no value
Central Bedfordshire,E06000056,70849.00,81795.00,91672.00,100532.00,122380.00,139249.00,141459.00,142345.00,145424.00,148736.00,153463.00,157737.00,160323.00,164067.00,171784.00,177392.00,185010.00,190752.00,197381.00,199978.00,202380.00,203750.00
Ceredigion,W06000008,no value,no value,no value,no value,no value,no value,no value,no value,no value,no value,no value,no value,no value,no value,no value,no value,no value,no value,no value,no value,no value,no value
Charnwood,E07000130,47830.00,54241.00,58704.00,63449.00,76637.00,87599.00,90113.00,91650.00,93483.00,94673.00,95988.00,97556.00,100009.00,103229.00,107089.00,110704.00,113937.00,119174.00,123860.00,126469.00,127728.00,128706.00
Chelmsford,E07000070,45955.00,52632.00,58305.00,61919.00,74828.00,85227.00,88309.00,88928.00,90889.00,93451.00,95806.00,98121.00,103211.00,107671.00,110394.00,112268.00,115765.00,119516.00,123085.00,125483.00,126930.00,128211.00
Cheltenham,E07000078,35119.00,39262.00,42537.00,46126.00,51755.00,54971.00,56013.00,56599.00,57958.00,59442.00,60658.00,63019.00,64952.00,68397.00,71176.00,74899.00,79624.00,82034.00,84441.00,85317.00,86014.00,86697.00
Cherwell,E07000177,37786.00,44153.00,50111.00,55557.00,67048.00,72728.00,74234.00,75654.00,77126.00,81348.00,82321.00,83784.00,85469.00,89054.00,91923.00,95242.00,99770.00,103661.00,107213.00,109731.00,111346.00,112667.00
Cheshire East,E06000049,119163.00,139091.00,155150.00,164497.00,183892.00,201108.00,206382.00,208454.00,212959.00,216844.00,221926.00,227601.00,236825.00,245949.00,252015.00,256612.00,263175.00,271367.00,279296.00,284655.00,287578.00,289972.00
Cheshire West and Chester,E06000050,99585.00,117510.00,129596.00,138725.00,155252.00,175310.00,182105.00,183579.00,186498.00,190695.00,193902.00,198134.00,204666.00,210363.00,215920.00,220502.00,225533.00,230504.00,241004.00,250230.00,253021.00,254987.00
Chesterfield,E07000034,33297.00,36739.00,38888.00,40551.00,49550.00,56720.00,58668.00,59947.00,60843.00,61655.00,62489.00,62922.00,64971.00,69106.00,70906.00,72189.00,73271.00,74266.00,75149.00,75573.00,75849.00,76114.00
Chichester,E07000225,45255.00,52013.00,55856.00,58598.00,65439.00,69414.00,70166.00,70553.00,71712.00,72973.00,73980.00,75303.00,77258.00,79546.00,81526.00,82624.00,83540.00,85636.00,88633.00,91262.00,92836.00,93584.00
Chorley,E07000118,34116.00,38632.00,42820.00,47871.00,54390.00,59581.00,60874.00,61387.00,62712.00,64186.00,65535.00,66778.00,68746.00,72073.00,74424.00,75918.00,77618.00,79971.00,81823.00,82475.00,82980.00,83393.00
City of London,E09000001,1576.00,1751.00,2023.00,2273.00,2749.00,3067.00,3162.00,3227.00,3458.00,3569.00,3709.00,3859.00,4064.00,4334.00,4666.00,4988.00,5317.00,5797.00,6189.00,6428.00,Suppressed,Suppressed
Clackmannanshire,S12000005,no value,no value,no value,no value,no value,no value,no value,no value,no value,no value,no value,no value,no value,no value,no value,no value,no value,no value,no value,no value,no value,no value
Colchester,E07000071,53874.00,60112.00,62605.00,66972.00,78502.00,86791.00,90309.00,90830.00,92942.00,94412.00,95616.00,97319.00,101280.00,105345.00,109623.00,113102.00,116474.00,120558.00,126438.00,129639.00,131504.00,133002.00
Conwy,W06000003,no value,no value,no value,no value,no value,no value,no value,no value,no value,no value,no value,no value,no value,no value,no value,no value,no value,no value,no value,no value,no value,no value
Copeland,E07000029,19592.00,22150.00,24583.00,26071.00,30556.00,35034.00,36996.00,37470.00,37964.00,38582.00,39174.00,40179.00,42212.00,45557.00,46928.00,47923.00,48670.00,49262.00,50055.00,50590.00,50774.00,50969.00
Cornwall,E06000052,185665.00,216072.00,237396.00,253334.00,289327.00,305607.00,309640.00,310766.00,317349.00,323266.00,332010.00,339448.00,346595.00,353449.00,363267.00,368368.00,377603.00,392928.00,406874.00,414494.00,418142.00,420416.00
Cotswold,E07000079,27052.00,31486.00,34655.00,36907.00,44651.00,50920.00,51579.00,52594.00,52950.00,53368.00,53698.00,55900.00,58020.00,60129.00,61166.00,62700.00,64727.00,66503.00,68111.00,69417.00,70046.00,70411.00
Coventry,E08000026,80220.00,94932.00,105273.00,115019.00,130080.00,142868.00,146633.00,149177.00,151501.00,153557.00,155733.00,158213.00,166176.00,172554.00,176973.00,182124.00,187346.00,196154.00,207019.00,212679.00,216645.00,219042.00
Craven,E07000163,19241.00,21519.00,23500.00,25736.00,29930.00,33322.00,34248.00,34778.00,35338.00,36360.00,37067.00,37583.00,38512.00,39609.00,40480.00,41252.00,42369.00,43125.00,43794.00,44135.00,44332.00,44513.00
Crawley,E07000226,25361.00,30535.00,33937.00,38884.00,43840.00,47421.00,49184.00,50626.00,51891.00,53053.00,55132.00,55851.00,58362.00,60909.00,62893.00,65316.00,67191.00,69437.00,71986.00,73563.00,74757.00,75777.00
Croydon,E09000008,77733.00,89690.00,103117.00,113480.00,130537.00,142620.00,146227.00,148199.00,153115.00,158459.00,163028.00,167688.00,173915.00,182124.00,189487.00,195094.00,202227.00,210679.00,218567.00,223291.00,226889.00,229534.00
Cumbria,E10000006,152494.00,173155.00,189188.00,208831.00,238238.00,265733.00,275218.00,279156.00,284384.00,291285.00,296470.00,303399.00,314461.00,327955.00,337281.00,344871.00,349933.00,357660.00,365334.00,370050.00,373069.00,374856.00
Dacorum,E07000096,38234.00,43593.00,47346.00,51590.00,61117.00,68913.00,71031.00,71706.00,73458.00,76676.00,80187.00,82354.00,84291.00,87522.00,90532.00,92303.00,95160.00,98717.00,103000.00,105192.00,106641.00,107285.00
Darlington,E06000005,29314.00,31276.00,34489.00,37812.00,45562.00,51029.00,53349.00,54478.00,55611.00,57125.00,58649.00,59821.00,61957.00,63170.00,64773.00,66307.00,67724.00,69089.00,70850.00,72720.00,74303.00,75577.00
Dartford,E07000107,26050.00,30103.00,32993.00,35673.00,42058.00,45497.00,46711.00,47342.00,48816.00,49876.00,51591.00,53482.00,56012.00,58574.00,60475.00,61865.00,64305.00,66432.00,68193.00,69490.00,70561.00,71271.00
Denbighshire,W06000004,no value,no value,no value,no value,no value,no value,no value,no value,no value,no value,no value,no value,no value,no value,no value,no value,no value,no value,no value,no value,no value,no value
Derby,E06000015,68145.00,76816.00,83132.00,94400.00,105757.00,114968.00,126852.00,128390.00,131538.00,135099.00,137363.00,138746.00,142293.00,147439.00,149756.00,151567.00,157663.00,162946.00,166702.00,168532.00,169614.00,170478.00
Derbyshire,E10000007,242851.00,278850.00,305299.00,332315.00,390767.00,430756.00,444938.00,452119.00,461484.00,469303.00,477065.00,483260.00,492780.00,510227.00,526757.00,534481.00,549716.00,565067.00,577731.00,583570.00,586757.00,589224.00
Derbyshire Dales,E07000035,24362.00,27483.00,30701.00,33482.00,38917.00,42304.00,43364.00,43643.00,44528.00,45347.00,46060.00,47092.00,47660.00,48436.00,50221.00,50802.00,52428.00,53938.00,55132.00,55812.00,56152.00,56305.00
Derry and Strabane,N09000005,no value,no value,no value,no value,no value,no value,no value,no value,no value,no value,no value,no value,no value,no value,no value,no value,no value,no value,no value,no value,no value,no value
Devon,E10000008,271436.00,307852.00,335388.00,359108.00,408703.00,439719.00,444367.00,445454.00,455282.00,464804.00,473430.00,483784.00,496238.00,510976.00,523127.00,533821.00,545275.00,564493.00,584259.00,595261.00,602471.00,606751.00
Doncaster,E08000017,82819.00,90972.00,99798.00,108774.00,133673.00,148223.00,154844.00,163661.00,165673.00,168932.00,172025.00,174259.00,178288.00,186314.00,191547.00,193979.00,197578.00,203107.00,207674.00,209702.00,211331.00,212668.00
Dorset,E06000059,140509.00,158971.00,173947.00,188723.00,210958.00,228650.00,234939.00,237944.00,239807.00,241530.00,244359.00,247439.00,250849.00,258005.00,262773.00,267276.00,275333.00,281833.00,287191.00,290150.00,292533.00,294238.00
Dover,E07000108,38594.00,43993.00,48513.00,51657.00,57948.00,61518.00,63013.00,63325.00,63936.00,64805.00,65518.00,66662.00,68831.00,71134.00,72782.00,74302.00,77328.00,79890.00,80946.00,81590.00,82036.00,82378.00
Dudley,E08000027,88509.00,102430.00,114427.00,126203.00,143207.00,157674.00,161945.00,163489.00,167308.00,169682.00,173508.00,177517.00,180745.00,186065.00,191234.00,195612.00,200918.00,206472.00,212165.00,215122.00,217190.00,219116.00
Dumfries and Galloway,S12000006,no value,no value,no value,no value,no value,no value,no value,no value,no value,no value,no value,no value,no value,no value,no value,no value,no value,no value,no value,no value,no value,no value
Dundee,S12000042,no value,no value,no value,no value,no value,no value,no value,no value,no value,no value,no value,no value,no value,no value,no value,no value,no value,no value,no value,no value,no value,no value
Durham,E06000047,155674.00,183244.00,198142.00,212008.00,245812.00,263767.00,270769.00,274399.00,279585.00,287518.00,294618.00,300727.00,310360.00,316499.00,326247.00,331370.00,338803.00,350488.00,361859.00,371902.00,376982.00,379922.00
Ealing,E09000009,75700.00,88235.00,94997.00,104087.00,117999.00,129938.00,133652.00,135766.00,141393.00,145077.00,148941.00,153849.00,161118.00,169691.00,180633.00,190527.00,199651.00,209957.00,218569.00,224659.00,228428.00,231201.00
East Ayrshire,S12000008,no value,no value,no value,no value,no value,no value,no value,no value,no value,no value,no value,no value,no value,no value,no value,no value,no value,no value,no value,no value,no value,no value
East Cambridgeshire,E07000009,24827.00,28604.00,33295.00,36821.00,42439.00,44570.00,44857.00,45582.00,46833.00,49375.00,50638.00,51467.00,52573.00,54274.00,57117.00,57664.00,60193.00,62362.00,63763.00,64748.00,65100.00,65534.00
East Devon,E07000040,57183.00,63225.00,67228.00,71805.00,80976.00,86152.00,86937.00,87144.00,88796.00,89981.00,91636.00,93733.00,96140.00,98519.00,100619.00,102227.00,103651.00,106902.00,110601.00,112369.00,113755.00,114470.00
East Dunbartonshire,S12000045,no value,no value,no value,no value,no value,no value,no value,no value,no value,no value,no value,no value,no value,no value,no value,no value,no value,no value,no value,no value,no value,no value
East Hampshire,E07000085,36992.00,42282.00,47558.00,51579.00,60073.00,68425.00,69551.00,70857.00,71846.00,72831.00,74333.00,75923.00,77757.00,80139.00,82396.00,83568.00,85228.00,88397.00,90707.00,92062.00,93259.00,93968.00
East Hertfordshire,E07000242,37340.00,42960.00,47169.00,51162.00,62520.00,70510.00,72825.00,73257.00,75529.00,77833.00,81020.00,83264.00,87569.00,90642.00,92886.00,94750.00,96794.00,99885.00,103499.00,105867.00,106890.00,107544.00
East Lindsey,E07000137,49332.00,56797.00,64277.00,70542.00,79194.00,85727.00,89220.00,90345.00,91684.00,92646.00,93509.00,94152.00,96441.00,98263.00,100062.00,100928.00,102863.00,105317.00,107665.00,109426.00,110002.00,110525.00
East Lothian,S12000010,no value,no value,no value,no value,no value,no value,no value,no value,no value,no value,no value,no value,no value,no value,no value,no value,no value,no value,no value,no value,no value,no value
East Renfrewshire,S12000011,no value,no value,no value,no value,no value,no value,no value,no value,no value,no value,no value,no value,no value,no value,no value,no value,no value,no value,no value,no value,no value,no value
East Riding of Yorkshire,E06000011,114642.00,130401.00,142523.00,157384.00,175678.00,188320.00,192994.00,195626.00,199653.00,204795.00,206838.00,211432.00,216719.00,222432.00,228557.00,232414.00,238464.00,244481.00,250769.00,255595.00,258455.00,259901.00
East Staffordshire,E07000193,34906.00,39412.00,43459.00,46230.00,54717.00,60418.00,62060.00,62294.00,62741.00,63274.00,64452.00,65529.00,68884.00,71077.00,73368.00,73937.00,75038.00,78112.00,80078.00,81760.00,82570.00,83217.00
East Suffolk,E07000244,94312.00,105984.00,114511.00,123643.00,137409.00,142921.00,144581.00,145913.00,147424.00,150454.00,152123.00,154821.00,165988.00,171337.00,176008.00,178292.00,180407.00,182718.00,185149.00,186643.00,188118.00,189098.00
East Sussex,E10000011,190037.00,213596.00,234691.00,250739.00,282128.00,298950.00,303928.00,306428.00,310216.00,316494.00,321551.00,327298.00,336371.00,346070.00,353534.00,359871.00,368242.00,377150.00,385177.00,392143.00,396000.00,398893.00
Eastbourne,E07000061,37402.00,43375.00,48075.00,49846.00,54799.00,56892.00,57260.00,57602.00,58132.00,58933.00,60073.00,60767.00,62806.00,64584.00,65494.00,66459.00,67893.00,69330.00,70669.00,72099.00,72570.00,72983.00
Eastleigh,E07000086,36785.00,41664.00,46592.00,51045.00,59183.00,66134.00,67749.00,68812.00,70499.00,72626.00,74021.00,75813.00,77826.00,80765.00,83340.00,84560.00,86492.00,89189.00,91762.00,93892.00,95728.00,97012.00
Eden,E07000030,15207.00,17211.00,18955.00,20620.00,23987.00,27875.00,29966.00,30744.00,31529.00,32204.00,32919.00,33745.00,34469.00,35669.00,36519.00,37586.00,38405.00,39177.00,40355.00,40915.00,41399.00,41522.00
Edinburgh,S12000036,no value,no value,no value,no value,no value,no value,no value,no value,no value,no value,no value,no value,no value,no value,no value,no value,no value,no value,no value,no value,no value,no value
Eilean Siar,S12000013,no value,no value,no value,no value,no value,no value,no value,no value,no value,no value,no value,no value,no value,no value,no value,no value,no value,no value,no value,no value,no value,no value
Elmbridge,E07000207,35155.00,39881.00,43788.00,47069.00,57341.00,62153.00,62949.00,63454.00,65483.00,69636.00,72252.00,74543.00,77636.00,82472.00,85960.00,89023.00,92610.00,94688.00,96450.00,97577.00,98236.00,98781.00
Enfield,E09000010,83335.00,95546.00,104658.00,111541.00,123274.00,136657.00,142013.00,145527.00,146742.00,148678.00,150410.00,152458.00,160754.00,165646.00,171231.00,176609.00,179411.00,183460.00,187196.00,189750.00,191236.00,192686.00
Epping Forest,E07000072,34516.00,37805.00,41994.00,45782.00,54021.00,61235.00,63703.00,64397.00,65871.00,67474.00,69861.00,71571.00,72974.00,74944.00,77492.00,79297.00,80993.00,83010.00,85818.00,87783.00,88859.00,89496.00
Epsom and Ewell,E07000208,22154.00,25654.00,27711.00,30338.00,35265.00,36773.00,37305.00,37679.00,39103.00,40438.00,42001.00,43325.00,45050.00,46987.00,49003.00,50199.00,51561.00,53197.00,54960.00,55867.00,56542.00,57009.00
Erewash,E07000036,32241.00,37800.00,42038.00,46449.00,54620.00,57334.00,59097.00,59665.00,61514.00,62980.00,64668.00,65952.00,66911.00,67931.00,70764.00,71707.00,74639.00,77637.00,80230.00,81135.00,81633.00,81936.00
Essex,E10000012,413873.00,468986.00,509309.00,549548.00,645170.00,729835.00,755692.00,762111.00,778187.00,795942.00,810970.00,826560.00,855476.00,890658.00,915413.00,933129.00,954957.00,979380.00,1010303.00,1029134.00,1041068.00,1049370.00
Exeter,E07000041,33545.00,38078.00,42015.00,45868.00,52132.00,56462.00,57285.00,57467.00,58851.00,60002.00,61435.00,63596.00,65526.00,68110.00,70457.00,72720.00,74177.00,78796.00,84796.00,87741.00,90100.00,91108.00
Falkirk,S12000014,no value,no value,no value,no value,no value,no value,no value,no value,no value,no value,no value,no value,no value,no value,no value,no value,no value,no value,no value,no value,no value,no value
Fareham,E07000087,36276.00,41574.00,46290.00,51022.00,60336.00,66149.00,66977.00,67388.00,68068.00,69286.00,70316.00,71011.00,72214.00,74502.00,77465.00,78970.00,80618.00,82291.00,84775.00,85889.00,87148.00,87838.00
Fenland,E07000010,29458.00,33401.00,37389.00,42617.00,48138.00,51944.00,52904.00,53381.00,54089.00,55073.00,56201.00,57471.00,60112.00,62008.00,63362.00,64850.00,66267.00,68102.00,71010.00,72011.00,72493.00,72843.00
Fermanagh and Omagh,N09000006,no value,no value,no value,no value,no value,no value,no value,no value,no value,no value,no value,no value,no value,no value,no value,no value,no value,no value,no value,no value,no value,no value
Fife,S12000047,no value,no value,no value,no value,no value,no value,no value,no value,no value,no value,no value,no value,no value,no value,no value,no value,no value,no value,no value,no value,no value,no value
Flintshire,W06000005,no value,no value,no value,no value,no value,no value,no value,no value,no value,no value,no value,no value,no value,no value,no value,no value,no value,no value,no value,no value,no value,no value
Folkestone and Hythe,E07000112,38132.00,44212.00,47385.00,50268.00,57894.00,61074.00,61710.00,62041.00,62698.00,63245.00,63964.00,65095.00,66867.00,68849.00,70551.00,71979.00,74623.00,77385.00,78586.00,79380.00,79908.00,80292.00
Forest of Dean,E07000080,24494.00,26806.00,30628.00,34231.00,39703.00,44461.00,45388.00,45695.00,46053.00,46364.00,46622.00,46838.00,48393.00,49977.00,51771.00,52342.00,53888.00,55679.00,57050.00,58624.00,59501.00,59870.00
Fylde,E07000119,29190.00,32578.00,35729.00,39422.00,44784.00,48668.00,49336.00,50047.00,50738.00,51364.00,52148.00,52883.00,54324.00,55953.00,56720.00,57407.00,58061.00,59427.00,60653.00,61393.00,61769.00,62006.00
Gateshead,E08000037,54626.00,61930.00,68293.00,73536.00,86691.00,93806.00,96577.00,100215.00,101851.00,105234.00,107219.00,110165.00,112546.00,117227.00,120736.00,123016.00,124995.00,128958.00,133328.00,137132.00,138674.00,139809.00
Gedling,E07000173,37206.00,43701.00,47625.00,50555.00,58984.00,62656.00,63655.00,64151.00,65444.00,66030.00,66705.00,67841.00,68857.00,71128.00,74283.00,75345.00,77683.00,80227.00,81861.00,82926.00,83458.00,83854.00
Glasgow,S12000049,no value,no value,no value,no value,no value,no value,no value,no value,no value,no value,no value,no value,no value,no value,no value,no value,no value,no value,no value,no value,no value,no value
Gloucester,E07000081,37610.00,41047.00,45040.00,50231.00,58518.00,64574.00,65468.00,65625.00,65854.00,66129.00,66990.00,69080.00,70581.00,72597.00,74644.00,77255.00,80753.00,84928.00,86406.00,87661.00,88250.00,88793.00
Gloucestershire,E10000013,191885.00,213890.00,234469.00,256473.00,302836.00,333308.00,338166.00,341092.00,344358.00,348128.00,352276.00,362871.00,373065.00,387560.00,398998.00,410429.00,426465.00,442281.00,453868.00,461045.00,464999.00,467841.00
Gosport,E07000088,24297.00,27763.00,30799.00,34618.00,40303.00,42475.00,43105.00,43632.00,44444.00,45305.00,46370.00,47157.00,49467.00,50056.00,50890.00,51309.00,52329.00,53733.00,55217.00,56375.00,57600.00,58538.00
Gravesham,E07000109,29451.00,34790.00,37498.00,39268.00,45059.00,47974.00,48735.00,49075.00,49962.00,51070.00,52171.00,53885.00,55096.00,56583.00,58219.00,59373.00,61291.00,63110.00,65702.00,66841.00,67925.00,68535.00
Great Yarmouth,E07000145,32156.00,36090.00,39277.00,43950.00,49698.00,54259.00,55382.00,55725.00,56358.00,57354.00,57971.00,58941.00,61789.00,64248.00,65467.00,66616.00,67667.00,68948.00,70278.00,70808.00,71312.00,71692.00
Greenwich,E09000011,54004.00,63752.00,72237.00,78494.00,88952.00,98274.00,101864.00,103447.00,106087.00,109267.00,111960.00,114880.00,120011.00,126050.00,135598.00,142512.00,150297.00,155979.00,161777.00,165366.00,168941.00,170794.00
Guildford,E07000209,36231.00,40523.00,45353.00,49797.00,59714.00,64036.00,65334.00,65812.00,67869.00,70617.00,72379.00,74489.00,75818.00,79294.00,83251.00,85759.00,89426.00,93274.00,96599.00,99767.00,101283.00,102394.00
Gwynedd,W06000002,no value,no value,no value,no value,no value,no value,no value,no value,no value,no value,no value,no value,no value,no value,no value,no value,no value,no value,no value,no value,no value,no value
Hackney,E09000012,34191.00,42383.00,49984.00,56024.00,65539.00,73088.00,75700.00,77625.00,81504.00,84193.00,87948.00,91444.00,96527.00,102856.00,111726.00,119368.00,127141.00,138102.00,147235.00,152082.00,155218.00,157135.00
Halton,E06000006,35744.00,41455.00,44774.00,49062.00,55755.00,61633.00,63935.00,64510.00,65688.00,67258.00,68483.00,69695.00,71631.00,74469.00,76372.00,78271.00,80751.00,82920.00,84647.00,85823.00,86638.00,87130.00
Hambleton,E07000164,30492.00,35685.00,38134.00,41461.00,48487.00,53106.00,54062.00,54823.00,55489.00,56039.00,56667.00,57253.00,58335.00,60283.00,61302.00,62372.00,63854.00,65070.00,66816.00,68999.00,70038.00,70835.00
Hammersmith and Fulham,E09000013,31636.00,37997.00,41696.00,45577.00,54292.00,61258.00,63000.00,64061.00,67158.00,69223.00,71825.00,74430.00,77821.00,83137.00,88432.00,94334.00,100779.00,109123.00,115067.00,118694.00,120770.00,122171.00
Hampshire,E10000014,405855.00,464080.00,512201.00,559190.00,659427.00,727709.00,743010.00,750974.00,763742.00,780958.00,795606.00,811574.00,835710.00,868484.00,897218.00,910944.00,933726.00,962799.00,989583.00,1009727.00,1023382.00,1032736.00
Harborough,E07000131,29529.00,34114.00,37086.00,40614.00,45033.00,50015.00,51414.00,52524.00,53506.00,54348.00,55065.00,56261.00,57489.00,59756.00,61437.00,63222.00,64690.00,66774.00,68686.00,69860.00,70343.00,70742.00
Haringey,E09000014,46000.00,54593.00,62739.00,68702.00,76862.00,87500.00,89980.00,93048.00,94869.00,97403.00,100600.00,105223.00,110746.00,116010.00,122570.00,129572.00,135909.00,145430.00,151943.00,155850.00,158819.00,160992.00
Harlow,E07000073,21252.00,23655.00,25829.00,28865.00,32253.00,37589.00,38840.00,39469.00,41079.00,41877.00,43396.00,44248.00,45056.00,46363.00,48115.00,49313.00,50685.00,52303.00,54727.00,55933.00,56621.00,57087.00
Harrogate,E07000165,48753.00,58293.00,64416.00,70138.00,82118.00,92283.00,93618.00,94427.00,95137.00,95500.00,98903.00,99494.00,102189.00,105749.00,107902.00,109510.00,111618.00,113087.00,116203.00,118654.00,121064.00,122700.00
Harrow,E09000015,73109.00,83888.00,91377.00,97121.00,105331.00,110555.00,113432.00,115124.00,117159.00,118942.00,120392.00,123887.00,128763.00,134373.00,142530.00,150124.00,154416.00,157596.00,161048.00,163439.00,165248.00,166517.00
Hart,E07000089,25497.00,29659.00,32310.00,35536.00,43019.00,48975.00,50298.00,50932.00,52854.00,53695.00,54932.00,56641.00,59635.00,63635.00,66068.00,67245.00,68870.00,70165.00,71805.00,72902.00,73617.00,74087.00
Hartlepool,E06000001,24677.00,29709.00,32552.00,35553.00,40335.00,45043.00,45832.00,46876.00,47647.00,48853.00,49394.00,50381.00,52202.00,53453.00,54340.00,54900.00,56357.00,57620.00,59242.00,61029.00,62043.00,62755.00
Hastings,E07000062,25485.00,28864.00,31510.00,34763.00,39927.00,42034.00,44284.00,45134.00,45756.00,46561.00,47097.00,48091.00,49821.00,51771.00,53367.00,54454.00,55670.00,57342.00,58549.00,59839.00,60562.00,61267.00
Havant,E07000090,40565.00,46425.00,51329.00,54976.00,66879.00,73548.00,74478.00,74989.00,75434.00,75794.00,76320.00,76793.00,77548.00,78515.00,80322.00,81728.00,83806.00,86115.00,88005.00,89525.00,90682.00,91576.00
Havering,E09000016,62655.00,73186.00,80614.00,87962.00,102620.00,112706.00,116512.00,117528.00,120281.00,123578.00,126131.00,129154.00,133353.00,136941.00,140695.00,144054.00,148171.00,152365.00,159895.00,163639.00,165124.00,166252.00
Herefordshire,E06000019,63663.00,71195.00,77839.00,86618.00,96660.00,102417.00,103134.00,103518.00,104118.00,106100.00,107555.00,109869.00,112585.00,116676.00,119295.00,120540.00,123408.00,126471.00,129153.00,134461.00,136956.00,137971.00
Hertfordshire,E10000015,292315.00,333297.00,371501.00,407103.00,479380.00,536780.00,552798.00,561092.00,576403.00,597230.00,618061.00,635027.00,654062.00,677527.00,699961.00,719476.00,740270.00,765247.00,792375.00,807896.00,818388.00,823987.00
Hertsmere,E07000098,30573.00,34996.00,38156.00,42606.00,47503.00,51221.00,53162.00,55627.00,56538.00,57499.00,58438.00,59176.00,60845.00,62736.00,63710.00,66220.00,67852.00,69728.00,71698.00,72553.00,73251.00,73707.00
High Peak,E07000037,26412.00,29867.00,34420.00,37217.00,43626.00,48819.00,50364.00,51632.00,53536.00,54615.00,55308.00,55762.00,56501.00,59248.00,61642.00,62346.00,63365.00,65432.00,67207.00,68108.00,68479.00,68982.00
Highland,S12000017,no value,no value,no value,no value,no value,no value,no value,no value,no value,no value,no value,no value,no value,no value,no value,no value,no value,no value,no value,no value,no value,no value
Hillingdon,E09000017,72984.00,85361.00,95433.00,102920.00,114617.00,122025.00,124984.00,127062.00,131000.00,134000.00,136222.00,140252.00,147570.00,154533.00,161534.00,167255.00,173488.00,180635.00,186860.00,191308.00,194427.00,196476.00
Hinckley and Bosworth,E07000132,34739.00,39643.00,43304.00,47874.00,53787.00,59514.00,61107.00,61698.00,62803.00,63902.00,64791.00,65863.00,67050.00,69733.00,72139.00,73403.00,74735.00,77113.00,79523.00,81169.00,82105.00,82507.00
Horsham,E07000227,46155.00,54213.00,59285.00,64076.00,73019.00,76631.00,77367.00,77740.00,81146.00,83833.00,85325.00,87180.00,91834.00,94309.00,97807.00,99863.00,101636.00,103889.00,105849.00,107481.00,108833.00,109436.00
Hounslow,E09000018,61452.00,70649.00,78486.00,84555.00,94368.00,103001.00,105885.00,107478.00,111157.00,114629.00,118813.00,123491.00,128824.00,138013.00,149026.00,158949.00,164804.00,170417.00,175134.00,178841.00,181489.00,183618.00
Huntingdonshire,E07000011,47624.00,56953.00,63677.00,70934.00,81014.00,90948.00,92596.00,93192.00,95562.00,98811.00,101277.00,103659.00,107773.00,112544.00,116209.00,119070.00,121625.00,124243.00,128250.00,130120.00,131518.00,132546.00
Hyndburn,E07000120,19846.00,22347.00,24957.00,27237.00,31457.00,35064.00,36698.00,37243.00,37607.00,37856.00,38626.00,39778.00,41020.00,43335.00,45655.00,46816.00,47507.00,48431.00,49971.00,50749.00,51362.00,51703.00
Inverclyde,S12000018,no value,no value,no value,no value,no value,no value,no value,no value,no value,no value,no value,no value,no value,no value,no value,no value,no value,no value,no value,no value,no value,no value
Ipswich,E07000202,39234.00,45692.00,50532.00,53893.00,60394.00,62925.00,64066.00,64452.00,65523.00,66999.00,68359.00,69302.00,72825.00,77120.00,80518.00,82171.00,84538.00,86521.00,88245.00,89555.00,90716.00,91532.00
Isle of Anglesey,W06000001,no value,no value,no value,no value,no value,no value,no value,no value,no value,no value,no value,no value,no value,no value,no value,no value,no value,no value,no value,no value,no value,no value
Isle of Wight,E06000046,55888.00,61724.00,68256.00,74268.00,82745.00,87020.00,87850.00,88348.00,88906.00,89590.00,90452.00,92211.00,94276.00,96463.00,97710.00,98324.00,99011.00,102255.00,103879.00,104208.00,104672.00,104986.00
Isles of Scilly,E06000053,884.00,885.00,1122.00,1391.00,1532.00,1542.00,1545.00,1552.00,1556.00,1564.00,1568.00,1580.00,1584.00,1587.00,1616.00,1635.00,1641.00,1646.00,1658.00,1707.00,Suppressed,Suppressed
Islington,E09000019,34554.00,41026.00,44800.00,51457.00,61293.00,69331.00,71290.00,72762.00,76364.00,78522.00,80870.00,84415.00,88956.00,94162.00,100867.00,108753.00,115638.00,125901.00,136069.00,140765.00,143565.00,145202.00
Kensington and Chelsea,E09000020,28213.00,32875.00,36652.00,40597.00,47129.00,52318.00,53968.00,55260.00,57847.00,59593.00,61697.00,64000.00,67209.00,71063.00,74925.00,78672.00,82684.00,87752.00,91807.00,94251.00,96068.00,97256.00
Kent,E10000016,445284.00,507537.00,552633.00,599363.00,691376.00,750456.00,766694.00,772611.00,786222.00,801228.00,819259.00,843074.00,872082.00,900632.00,928080.00,947678.00,977359.00,1011883.00,1040829.00,1061191.00,1076077.00,1085535.00
King's Lynn and West Norfolk,E07000146,52864.00,59340.00,64447.00,69444.00,77479.00,83386.00,84651.00,85004.00,86049.00,87626.00,88813.00,90044.00,93874.00,96124.00,98702.00,100900.00,102651.00,106061.00,108876.00,110536.00,111527.00,112030.00
Kingston upon Hull,E06000010,61924.00,74448.00,82217.00,91998.00,103788.00,114211.00,117978.00,118979.00,120558.00,122896.00,124561.00,127927.00,132223.00,136555.00,140231.00,144207.00,148622.00,152876.00,159111.00,163581.00,166365.00,168598.00
Kingston upon Thames,E09000021,38797.00,46660.00,50537.00,54918.00,62766.00,67923.00,69190.00,69798.00,71787.00,74734.00,77303.00,80339.00,86628.00,92342.00,97697.00,102936.00,106550.00,110311.00,112412.00,114118.00,115353.00,116263.00
Kirklees,E08000034,113274.00,128415.00,143674.00,158414.00,175878.00,190939.00,194914.00,196751.00,203553.00,208133.00,212990.00,217780.00,229119.00,237097.00,247603.00,257399.00,267316.00,275590.00,280817.00,283429.00,285206.00,286670.00
Knowsley,E08000011,43229.00,48931.00,55673.00,60255.00,65584.00,72731.00,75487.00,76136.00,77253.00,78277.00,79771.00,80570.00,82903.00,85333.00,87486.00,88690.00,90299.00,92224.00,94819.00,96491.00,97409.00,98154.00
Lambeth,E09000022,52206.00,65358.00,72786.00,80897.00,93018.00,103424.00,106246.00,108258.00,112260.00,118167.00,123908.00,127224.00,133929.00,141715.00,151377.00,159522.00,169278.00,182790.00,194441.00,200852.00,205629.00,208500.00
Lancashire,E10000017,357822.00,401921.00,442958.00,487082.00,554163.00,614220.00,632942.00,641962.00,650653.00,661754.00,677360.00,689973.00,712235.00,740189.00,762884.00,779155.00,795269.00,815151.00,832983.00,841745.00,847513.00,851681.00
Lancaster,E07000121,44583.00,50706.00,55148.00,61389.00,68653.00,73879.00,75696.00,77029.00,77895.00,79535.00,81866.00,83123.00,86534.00,89680.00,91077.00,92698.00,94118.00,97262.00,100580.00,102384.00,102988.00,103484.00
Leeds,E08000035,198444.00,223887.00,251050.00,279002.00,319498.00,344118.00,350379.00,354513.00,361397.00,369010.00,376305.00,387434.00,403970.00,420982.00,435856.00,450260.00,465324.00,482657.00,500591.00,514435.00,522826.00,527732.00
Leicester,E06000016,71156.00,84917.00,95292.00,105781.00,120612.00,137921.00,143852.00,146971.00,149296.00,152061.00,154656.00,158261.00,163053.00,170814.00,182516.00,193427.00,197790.00,202185.00,209489.00,213818.00,217357.00,219627.00
Leicestershire,E10000018,204812.00,233574.00,254373.00,277099.00,320999.00,358778.00,369760.00,377217.00,383473.00,389356.00,395527.00,401914.00,412409.00,426884.00,441348.00,452618.00,462628.00,478968.00,493598.00,501474.00,505640.00,508546.00
Lewes,E07000063,35027.00,39557.00,42978.00,46482.00,53167.00,56020.00,56538.00,56795.00,57477.00,59013.00,60316.00,61426.00,63187.00,64880.00,66167.00,67222.00,69308.00,71102.00,72494.00,73599.00,74324.00,74747.00
Lewisham,E09000023,48851.00,59603.00,67600.00,75285.00,86852.00,93805.00,96570.00,98656.00,102283.00,108451.00,111605.00,115417.00,121180.00,130140.00,138000.00,144078.00,151546.00,158307.00,164971.00,169950.00,173862.00,176007.00
Lichfield,E07000194,32756.00,38269.00,42862.00,46411.00,52362.00,57348.00,58227.00,58989.00,59989.00,60529.00,62095.00,63360.00,64639.00,66656.00,68465.00,69540.00,70760.00,73742.00,76837.00,80277.00,80810.00,81311.00
Lincoln,E07000138,23536.00,27877.00,30778.00,33459.00,38169.00,41376.00,42518.00,43103.00,43827.00,45396.00,46035.00,46994.00,48167.00,49403.00,51449.00,52298.00,53998.00,56767.00,61071.00,64193.00,65634.00,66366.00
Lincolnshire,E10000019,233706.00,266323.00,294795.00,321832.00,369752.00,404653.00,419608.00,425621.00,431320.00,438058.00,443360.00,449400.00,460634.00,472384.00,485299.00,492037.00,503251.00,519007.00,536272.00,546256.00,551390.00,554709.00
Lisburn and Castlereagh,N09000007,no value,no value,no value,no value,no value,no value,no value,no value,no value,no value,no value,no value,no value,no value,no value,no value,no value,no value,no value,no value,no value,no value
Liverpool,E08000012,126001.00,146662.00,158934.00,172282.00,188899.00,204788.00,213961.00,216723.00,220146.00,226339.00,232162.00,235041.00,243507.00,252645.00,258434.00,263304.00,268757.00,278657.00,290019.00,296809.00,300829.00,303618.00
Luton,E06000032,39201.00,46238.00,52051.00,55663.00,66264.00,77724.00,79320.00,80322.00,81611.00,84156.00,86358.00,88513.00,91566.00,93908.00,98151.00,100429.00,105833.00,110880.00,115002.00,118283.00,120607.00,122252.00
Maidstone,E07000110,49460.00,55428.00,61412.00,65490.00,73156.00,79655.00,82265.00,82866.00,84433.00,86102.00,87932.00,91392.00,93926.00,96916.00,100551.00,103407.00,105982.00,109746.00,112869.00,115394.00,117511.00,118901.00
Maldon,E07000074,21875.00,24121.00,25739.00,27130.00,32061.00,36002.00,36981.00,37191.00,38155.00,38717.00,39464.00,39844.00,40690.00,42017.00,43030.00,43955.00,44696.00,45498.00,47242.00,48087.00,48890.00,49229.00
Malvern Hills,E07000235,30470.00,34333.00,36688.00,39459.00,44370.00,46710.00,47189.00,47327.00,48292.00,49534.00,50287.00,50701.00,52292.00,53764.00,54804.00,55336.00,56282.00,57531.00,58591.00,59991.00,60415.00,60885.00
Manchester,E08000003,100876.00,119578.00,133274.00,144423.00,163320.00,178564.00,184554.00,187980.00,192738.00,199637.00,205910.00,211168.00,224967.00,244577.00,257087.00,269151.00,282928.00,296511.00,308422.00,315661.00,319888.00,323535.00
Mansfield,E07000174,33328.00,40935.00,44563.00,47134.00,52978.00,56800.00,57468.00,57959.00,58644.00,59624.00,60352.00,61198.00,62441.00,64899.00,66905.00,67989.00,70001.00,72324.00,73809.00,74490.00,74912.00,75269.00
Medway,E06000035,63279.00,73756.00,83301.00,91361.00,109151.00,119685.00,123283.00,124582.00,127627.00,131788.00,134553.00,137721.00,141951.00,147207.00,151811.00,155636.00,161466.00,166537.00,171709.00,175483.00,178869.00,180508.00
Melton,E07000133,15681.00,18244.00,19655.00,20894.00,24866.00,27925.00,28548.00,29647.00,29870.00,30003.00,30254.00,30710.00,31207.00,32173.00,33270.00,33889.00,34622.00,35866.00,37512.00,37851.00,38065.00,38245.00
Mendip,E07000187,38871.00,44913.00,49862.00,53300.00,58956.00,61161.00,61661.00,61916.00,62913.00,65294.00,66973.00,68396.00,70566.00,72938.00,73998.00,75605.00,77946.00,80033.00,82053.00,83177.00,83835.00,84423.00
Merthyr Tydfil,W06000024,no value,no value,no value,no value,no value,no value,no value,no value,no value,no value,no value,no value,no value,no value,no value,no value,no value,no value,no value,no value,no value,no value
Merton,E09000024,49674.00,56598.00,60378.00,66210.00,74537.00,79727.00,81302.00,82343.00,85249.00,89067.00,92821.00,96495.00,104250.00,108764.00,114928.00,121323.00,125960.00,130547.00,135208.00,137269.00,139105.00,140383.00
Mid and East Antrim,N09000008,no value,no value,no value,no value,no value,no value,no value,no value,no value,no value,no value,no value,no value,no value,no value,no value,no value,no value,no value,no value,no value,no value
Mid Devon,E07000042,24341.00,28612.00,31780.00,34374.00,39888.00,43823.00,44343.00,44472.00,45393.00,46357.00,47619.00,48496.00,49989.00,51388.00,52619.00,53634.00,54601.00,56796.00,58675.00,60316.00,60960.00,61355.00
Mid Suffolk,E07000203,38135.00,42894.00,47152.00,49880.00,56124.00,57957.00,58422.00,59225.00,59717.00,61084.00,61842.00,62879.00,64664.00,67701.00,69547.00,70936.00,71911.00,74061.00,76591.00,77591.00,78311.00,78955.00
Mid Sussex,E07000228,42664.00,48022.00,54012.00,59379.00,68073.00,73555.00,74222.00,74834.00,76590.00,80209.00,81986.00,84394.00,88171.00,91257.00,94480.00,97853.00,98637.00,102443.00,106356.00,108210.00,109505.00,110272.00
Mid Ulster,N09000009,no value,no value,no value,no value,no value,no value,no value,no value,no value,no value,no value,no value,no value,no value,no value,no value,no value,no value,no value,no value,no value,no value
Middlesbrough,E06000002,37392.00,42154.00,46026.00,49093.00,55580.00,62418.00,64587.00,66661.00,69500.00,71089.00,71746.00,72786.00,75642.00,77233.00,79173.00,80850.00,82215.00,84200.00,85574.00,88635.00,90699.00,92363.00
Midlothian,S12000019,no value,no value,no value,no value,no value,no value,no value,no value,no value,no value,no value,no value,no value,no value,no value,no value,no value,no value,no value,no value,no value,no value
Milton Keynes,E06000042,55325.00,65547.00,73767.00,83234.00,96848.00,107348.00,112947.00,114144.00,117707.00,122579.00,128547.00,132034.00,136198.00,142655.00,148642.00,154322.00,162269.00,167675.00,174813.00,178193.00,180841.00,182789.00
Mole Valley,E07000210,28052.00,31750.00,34803.00,38559.00,43754.00,45972.00,46489.00,46775.00,48134.00,49479.00,50889.00,52080.00,53783.00,55417.00,56998.00,58208.00,59708.00,61251.00,63074.00,64661.00,65514.00,66063.00
Monmouthshire,W06000021,no value,no value,no value,no value,no value,no value,no value,no value,no value,no value,no value,no value,no value,no value,no value,no value,no value,no value,no value,no value,no value,no value
Moray,S12000020,no value,no value,no value,no value,no value,no value,no value,no value,no value,no value,no value,no value,no value,no value,no value,no value,no value,no value,no value,no value,no value,no value
Neath Port Talbot,W06000012,no value,no value,no value,no value,no value,no value,no value,no value,no value,no value,no value,no value,no value,no value,no value,no value,no value,no value,no value,no value,no value,no value
New Forest,E07000091,63336.00,72394.00,78039.00,85109.00,100121.00,105546.00,107576.00,108112.00,109490.00,111075.00,112678.00,114161.00,116199.00,121204.00,124368.00,125696.00,129363.00,131911.00,134153.00,135270.00,136434.00,137091.00
Newark and Sherwood,E07000175,39150.00,46322.00,50986.00,54031.00,61983.00,65741.00,66580.00,67163.00,68618.00,69486.00,70466.00,71495.00,72697.00,74958.00,77811.00,79211.00,81238.00,83648.00,85669.00,86667.00,87619.00,88079.00
Newcastle upon Tyne,E08000021,68973.00,74977.00,82492.00,88401.00,101989.00,114722.00,118675.00,122280.00,125228.00,128240.00,130344.00,133333.00,139349.00,144740.00,151293.00,156667.00,161388.00,170955.00,181816.00,189097.00,192473.00,194624.00
Newcastle-under-Lyme,E07000195,37826.00,44717.00,49904.00,54670.00,61142.00,65070.00,66541.00,67484.00,68711.00,69472.00,70395.00,71618.00,73399.00,74906.00,77205.00,79137.00,81909.00,84317.00,87324.00,88767.00,89710.00,90469.00
Newham,E09000025,43666.00,55610.00,65693.00,75533.00,87068.00,98982.00,103032.00,106836.00,111375.00,114712.00,118559.00,123122.00,129573.00,135978.00,144051.00,150708.00,162150.00,174037.00,183716.00,190672.00,194912.00,198383.00
Newport,W06000022,no value,no value,no value,no value,no value,no value,no value,no value,no value,no value,no value,no value,no value,no value,no value,no value,no value,no value,no value,no value,no value,no value
Newry Mourne and Down,N09000010,no value,no value,no value,no value,no value,no value,no value,no value,no value,no value,no value,no value,no value,no value,no value,no value,no value,no value,no value,no value,no value,no value
Norfolk,E10000020,300247.00,337486.00,367888.00,400216.00,454262.00,488718.00,496798.00,499092.00,504532.00,515094.00,524110.00,531996.00,550375.00,570346.00,587728.00,601637.00,614139.00,631136.00,649835.00,663149.00,670732.00,675448.00
North Ayrshire,S12000021,no value,no value,no value,no value,no value,no value,no value,no value,no value,no value,no value,no value,no value,no value,no value,no value,no value,no value,no value,no value,no value,no value
North Devon,E07000043,32913.00,37976.00,41326.00,44389.00,49927.00,53836.00,54710.00,54861.00,55766.00,56296.00,57423.00,58935.00,60837.00,63323.00,64888.00,66372.00,67727.00,69778.00,71835.00,72971.00,73510.00,73956.00
North East Derbyshire,E07000038,34264.00,39680.00,41864.00,44697.00,52410.00,57962.00,59596.00,60551.00,61953.00,62750.00,63586.00,64330.00,66068.00,68405.00,70416.00,71447.00,73520.00,74979.00,76140.00,76592.00,76877.00,77102.00
North East Lincolnshire,E06000012,45318.00,51170.00,56835.00,61804.00,69458.00,76094.00,78639.00,79501.00,80425.00,83183.00,84420.00,85783.00,86716.00,89886.00,93046.00,95291.00,96732.00,100036.00,103481.00,105352.00,106352.00,107350.00
North Hertfordshire,E07000099,34690.00,40537.00,44646.00,48040.00,56617.00,63096.00,64250.00,64624.00,66928.00,69197.00,71753.00,74348.00,75757.00,77495.00,81654.00,84454.00,87059.00,89712.00,92209.00,94020.00,95213.00,95868.00
North Kesteven,E07000139,38586.00,43911.00,47505.00,51988.00,58789.00,64213.00,66593.00,67943.00,69212.00,70078.00,70794.00,71697.00,74264.00,75972.00,78297.00,79417.00,81680.00,84231.00,86837.00,87928.00,88760.00,89294.00
North Lanarkshire,S12000050,no value,no value,no value,no value,no value,no value,no value,no value,no value,no value,no value,no value,no value,no value,no value,no value,no value,no value,no value,no value,no value,no value
North Lincolnshire,E06000013,52857.00,61481.00,65427.00,71656.00,80878.00,87125.00,89983.00,92267.00,94034.00,95166.00,96200.00,98404.00,100512.00,103467.00,106813.00,108157.00,110667.00,113931.00,117218.00,118572.00,119329.00,119991.00
North Norfolk,E07000147,40374.00,45157.00,49747.00,53236.00,61117.00,64221.00,64655.00,64955.00,65374.00,65836.00,66613.00,68133.00,69049.00,71345.00,73467.00,74910.00,75830.00,77313.00,78592.00,79646.00,80478.00,81079.00
North Northamptonshire,E06000061,87807.00,104417.00,113362.00,122123.00,140712.00,159019.00,162974.00,164680.00,170093.00,172823.00,175303.00,180489.00,188167.00,195145.00,203357.00,208830.00,214324.00,222141.00,228742.00,231997.00,234923.00,236358.00
North Somerset,E06000024,70475.00,79445.00,87225.00,94861.00,106841.00,119390.00,120726.00,121366.00,122236.00,123603.00,125029.00,128018.00,132509.00,136901.00,141725.00,145340.00,149294.00,153851.00,158127.00,159953.00,160887.00,161753.00
North Tyneside,E08000022,59961.00,64543.00,70729.00,76765.00,87835.00,97709.00,102438.00,106570.00,110467.00,113461.00,115376.00,117931.00,122097.00,126809.00,132460.00,135947.00,139080.00,144080.00,148358.00,150180.00,151127.00,151755.00
North Warwickshire,E07000218,19908.00,23624.00,26779.00,28095.00,32721.00,35001.00,35608.00,36143.00,36916.00,37551.00,38045.00,38763.00,40242.00,41299.00,42713.00,43193.00,43963.00,44870.00,45915.00,46694.00,47091.00,47319.00
North West Leicestershire,E07000134,28442.00,32403.00,35843.00,39789.00,47061.00,51924.00,53433.00,54102.00,55278.00,56610.00,57834.00,58779.00,60874.00,62644.00,64725.00,65949.00,67270.00,70434.00,72681.00,73897.00,74457.00,74882.00
North Yorkshire,E10000023,194693.00,224235.00,244070.00,264444.00,313862.00,346317.00,352626.00,357161.00,362979.00,368615.00,376003.00,380086.00,391436.00,404619.00,414839.00,420760.00,431114.00,441369.00,450842.00,459643.00,466048.00,470413.00
Northumberland,E06000057,102831.00,113574.00,122105.00,132831.00,150735.00,166219.00,174226.00,181421.00,187670.00,192947.00,195840.00,199268.00,205622.00,210518.00,218118.00,223213.00,228736.00,235072.00,239710.00,242215.00,243725.00,244571.00
Norwich,E07000148,36855.00,41313.00,45510.00,49836.00,55689.00,61014.00,62595.00,62989.00,63621.00,64688.00,66306.00,66965.00,69774.00,73635.00,77478.00,80137.00,82699.00,87055.00,92346.00,96332.00,98282.00,99301.00
Nottingham,E06000018,60145.00,75398.00,83226.00,90089.00,103693.00,111956.00,115637.00,117667.00,120230.00,122041.00,123675.00,126443.00,128818.00,134703.00,143749.00,146945.00,155214.00,165717.00,176346.00,182992.00,186835.00,188979.00
Nottinghamshire,E10000024,254339.00,299976.00,330007.00,351263.00,406108.00,433401.00,440724.00,447935.00,456018.00,461818.00,467744.00,475343.00,482499.00,498712.00,518892.00,527083.00,542866.00,560284.00,575529.00,583106.00,587670.00,590709.00
Nuneaton and Bedworth,E07000219,36366.00,41954.00,46591.00,52021.00,58402.00,63269.00,64548.00,65349.00,67145.00,68783.00,69686.00,70906.00,72133.00,74484.00,78271.00,79984.00,81920.00,84401.00,87521.00,89671.00,90740.00,91388.00
Oadby and Wigston,E07000135,18056.00,20338.00,21915.00,23554.00,26879.00,29383.00,30511.00,31411.00,31849.00,32270.00,32974.00,33456.00,34257.00,35666.00,36714.00,37693.00,38298.00,39178.00,39923.00,40320.00,40548.00,40756.00
Oldham,E08000004,56424.00,67333.00,74258.00,82080.00,93227.00,101638.00,103544.00,106422.00,108253.00,110027.00,112427.00,114058.00,117206.00,122723.00,126521.00,129753.00,133399.00,136955.00,139794.00,141767.00,144141.00,145773.00
Orkney Islands,S12000023,no value,no value,no value,no value,no value,no value,no value,no value,no value,no value,no value,no value,no value,no value,no value,no value,no value,no value,no value,no value,no value,no value
Oxford,E07000178,32435.00,37604.00,41524.00,46097.00,54959.00,59526.00,60376.00,60824.00,61884.00,63626.00,65258.00,67265.00,69718.00,74084.00,77214.00,80478.00,84690.00,91240.00,99870.00,105712.00,109139.00,110325.00
Oxfordshire,E10000025,176074.00,205323.00,228280.00,254318.00,304165.00,327050.00,331801.00,334882.00,342142.00,355595.00,364536.00,375077.00,383939.00,401627.00,415754.00,430950.00,448605.00,469284.00,490323.00,505665.00,515254.00,520080.00
Pembrokeshire,W06000009,no value,no value,no value,no value,no value,no value,no value,no value,no value,no value,no value,no value,no value,no value,no value,no value,no value,no value,no value,no value,no value,no value
Pendle,E07000122,20788.00,23206.00,25537.00,29208.00,33810.00,37786.00,39627.00,40334.00,40992.00,41948.00,43078.00,44337.00,46493.00,48400.00,51359.00,53954.00,55586.00,56709.00,57652.00,58177.00,58625.00,58975.00
Perth and Kinross,S12000048,no value,no value,no value,no value,no value,no value,no value,no value,no value,no value,no value,no value,no value,no value,no value,no value,no value,no value,no value,no value,no value,no value
Peterborough,E06000031,43330.00,51478.00,57778.00,65416.00,73971.00,81296.00,83887.00,84823.00,86112.00,88003.00,89737.00,93049.00,97112.00,100358.00,104274.00,108339.00,112077.00,118009.00,122841.00,125338.00,127115.00,128573.00
Plymouth,E06000026,71542.00,81574.00,89450.00,97282.00,111858.00,125592.00,127805.00,128139.00,133450.00,135918.00,137132.00,142405.00,146202.00,150903.00,156001.00,160349.00,163699.00,170967.00,178811.00,182309.00,185089.00,186094.00
Portsmouth,E06000044,50573.00,57980.00,63969.00,70365.00,83466.00,93985.00,97666.00,98948.00,100884.00,102934.00,104408.00,107171.00,109726.00,111432.00,114570.00,117301.00,120307.00,124817.00,130310.00,136612.00,140934.00,142705.00
Powys,W06000023,no value,no value,no value,no value,no value,no value,no value,no value,no value,no value,no value,no value,no value,no value,no value,no value,no value,no value,no value,no value,no value,no value
Preston,E07000123,34990.00,39395.00,43646.00,49202.00,57238.00,66975.00,69133.00,70046.00,70613.00,71818.00,74605.00,75865.00,78767.00,82863.00,85199.00,87631.00,90324.00,92703.00,94184.00,94979.00,95601.00,96131.00
Reading,E06000038,30865.00,35607.00,40303.00,44744.00,54281.00,61292.00,62985.00,63460.00,64979.00,67538.00,69278.00,72254.00,76625.00,81293.00,86294.00,90737.00,94104.00,99213.00,103789.00,107715.00,109627.00,110881.00
Redbridge,E09000026,58117.00,73868.00,82222.00,89676.00,98483.00,109700.00,113715.00,115863.00,119059.00,122255.00,125470.00,129769.00,136898.00,146941.00,154209.00,159411.00,164808.00,170656.00,176872.00,181124.00,183407.00,185147.00
Redcar and Cleveland,E06000003,40380.00,44920.00,49334.00,52791.00,62597.00,71716.00,74276.00,75779.00,77769.00,79606.00,80715.00,82091.00,84155.00,85119.00,86242.00,87030.00,88568.00,90011.00,91167.00,93925.00,95475.00,96625.00
Redditch,E07000236,22005.00,24306.00,28330.00,30771.00,37303.00,42258.00,43171.00,43643.00,44230.00,44629.00,45323.00,45900.00,46942.00,48563.00,49797.00,51020.00,52197.00,53771.00,55568.00,56510.00,56943.00,57329.00
Reigate and Banstead,E07000211,39043.00,45616.00,50874.00,57383.00,66351.00,69341.00,70174.00,70801.00,73193.00,75040.00,77545.00,80686.00,84834.00,88384.00,91086.00,93161.00,95998.00,99027.00,101770.00,103323.00,104357.00,105148.00
Renfrewshire,S12000038,no value,no value,no value,no value,no value,no value,no value,no value,no value,no value,no value,no value,no value,no value,no value,no value,no value,no value,no value,no value,no value,no value
"Rhondda, Cynon, Taff",W06000016,no value,no value,no value,no value,no value,no value,no value,no value,no value,no value,no value,no value,no value,no value,no value,no value,no value,no value,no value,no value,no value,no value
Ribble Valley,E07000124,19770.00,20959.00,23138.00,25241.00,29466.00,32908.00,34476.00,34916.00,35457.00,35910.00,36921.00,38089.00,38788.00,40487.00,42095.00,43014.00,43865.00,44629.00,45577.00,45881.00,46121.00,46318.00
Richmond upon Thames,E09000027,44553.00,50963.00,57649.00,62623.00,73357.00,80736.00,83548.00,85025.00,88227.00,91707.00,95415.00,100900.00,105098.00,113303.00,118557.00,123858.00,129449.00,133155.00,135719.00,137247.00,138321.00,139154.00
Richmondshire,E07000166,12839.00,14392.00,15259.00,17747.00,21240.00,24370.00,25470.00,26114.00,27780.00,28233.00,29033.00,29270.00,29960.00,31371.00,31845.00,32193.00,33009.00,34940.00,36520.00,38106.00,39055.00,39831.00
Rochdale,E08000005,59546.00,67455.00,73885.00,78388.00,87923.00,95229.00,97518.00,100206.00,101970.00,104346.00,106563.00,109321.00,114001.00,120792.00,125955.00,129399.00,131681.00,133550.00,136192.00,137954.00,139042.00,140286.00
Rochford,E07000075,26885.00,30645.00,32709.00,34520.00,39937.00,45360.00,47150.00,48197.00,49203.00,50169.00,50965.00,51897.00,53896.00,56324.00,57478.00,58045.00,59011.00,60401.00,61833.00,62527.00,63278.00,63616.00
Rossendale,E07000125,18186.00,20780.00,23268.00,24828.00,28590.00,33619.00,34507.00,34908.00,35342.00,35829.00,36720.00,37696.00,38850.00,40376.00,42100.00,43177.00,44372.00,45752.00,46680.00,47053.00,47305.00,47527.00
Rother,E07000064,37088.00,41619.00,45968.00,48168.00,53688.00,56086.00,56894.00,57382.00,58005.00,58929.00,59544.00,60454.00,61575.00,62837.00,64266.00,65470.00,66675.00,68275.00,69705.00,70689.00,71202.00,71660.00
Rotherham,E08000018,74863.00,82883.00,90911.00,98939.00,116539.00,132297.00,140302.00,144273.00,145326.00,149363.00,152860.00,156097.00,159909.00,164651.00,167066.00,171364.00,174781.00,179791.00,183288.00,184723.00,185941.00,186699.00
Rugby,E07000220,30980.00,33323.00,36455.00,39452.00,45193.00,50232.00,50767.00,51180.00,53050.00,53999.00,55537.00,57325.00,58812.00,60739.00,62767.00,64303.00,66673.00,69407.00,72997.00,74700.00,75634.00,76251.00
Runnymede,E07000212,23167.00,26018.00,27322.00,29165.00,35099.00,37601.00,38267.00,38694.00,40246.00,41537.00,42733.00,44262.00,45465.00,48316.00,50354.00,52284.00,53981.00,55955.00,57633.00,58614.00,59314.00,59847.00
Rushcliffe,E07000176,36302.00,41863.00,46516.00,49920.00,59361.00,63171.00,64447.00,65111.00,66653.00,67168.00,68294.00,69657.00,70325.00,72698.00,76522.00,77420.00,79884.00,83304.00,85581.00,86836.00,87672.00,88160.00
Rushmoor,E07000092,23635.00,27175.00,29455.00,33580.00,40363.00,42629.00,43612.00,44682.00,45587.00,48497.00,49654.00,50556.00,53301.00,57137.00,60202.00,60746.00,63495.00,65934.00,67941.00,69171.00,70168.00,70678.00
Rutland,E06000017,11433.00,13337.00,15780.00,17057.00,18538.00,20630.00,21186.00,21588.00,22089.00,22360.00,23129.00,23755.00,24958.00,25298.00,25703.00,26098.00,27291.00,28622.00,29432.00,30702.00,30917.00,31067.00
Ryedale,E07000167,19046.00,21823.00,23678.00,25545.00,29061.00,31949.00,32230.00,33122.00,33687.00,33940.00,34590.00,34902.00,35368.00,36825.00,37509.00,38259.00,39026.00,40778.00,41577.00,41885.00,42267.00,42413.00
Salford,E08000006,61411.00,74427.00,86694.00,92977.00,96350.00,100639.00,102273.00,103436.00,105178.00,107498.00,110340.00,113511.00,117479.00,123326.00,131320.00,136480.00,141507.00,148928.00,154784.00,158178.00,160033.00,161874.00
Sandwell,E08000028,73604.00,86140.00,98390.00,110958.00,126583.00,137409.00,140924.00,142521.00,145765.00,147980.00,151534.00,155741.00,160263.00,165800.00,171563.00,175352.00,179834.00,186444.00,192990.00,196573.00,199469.00,201700.00
Scarborough,E07000168,38416.00,42867.00,46078.00,48836.00,59611.00,65265.00,66336.00,66844.00,67285.00,68318.00,68513.00,68802.00,71847.00,73398.00,76062.00,76386.00,78413.00,79879.00,80592.00,81439.00,82083.00,82538.00
Scottish Borders,S12000026,no value,no value,no value,no value,no value,no value,no value,no value,no value,no value,no value,no value,no value,no value,no value,no value,no value,no value,no value,no value,no value,no value
Sedgemoor,E07000188,39363.00,43833.00,49346.00,54552.00,61251.00,65868.00,66463.00,66628.00,67148.00,68542.00,70175.00,71963.00,74141.00,75815.00,77353.00,79108.00,82121.00,86234.00,89095.00,90377.00,91077.00,91608.00
Sefton,E08000014,90645.00,102127.00,112907.00,121755.00,136678.00,146855.00,150385.00,151870.00,154696.00,156663.00,159206.00,160650.00,165286.00,170108.00,173899.00,176415.00,179848.00,183416.00,188534.00,190784.00,192173.00,193238.00
Selby,E07000169,25906.00,29656.00,33005.00,34981.00,43415.00,46022.00,46662.00,47053.00,48263.00,50225.00,51230.00,52782.00,55225.00,57384.00,59739.00,60788.00,62825.00,64490.00,65340.00,66425.00,67209.00,67583.00
Sevenoaks,E07000111,33867.00,38302.00,41441.00,44873.00,52492.00,57463.00,59006.00,59719.00,61614.00,62807.00,64318.00,66348.00,68617.00,70903.00,72971.00,74590.00,76656.00,79523.00,81631.00,83011.00,84041.00,84941.00
Sheffield,E08000019,138309.00,162811.00,177363.00,191165.00,217437.00,240107.00,252107.00,258995.00,265553.00,271969.00,279916.00,285246.00,295157.00,307264.00,320867.00,327127.00,338531.00,350387.00,363384.00,371659.00,375647.00,378196.00
Shetland Islands,S12000027,no value,no value,no value,no value,no value,no value,no value,no value,no value,no value,no value,no value,no value,no value,no value,no value,no value,no value,no value,no value,no value,no value
Shropshire,E06000051,108002.00,120915.00,131672.00,144132.00,166702.00,175100.00,177293.00,177926.00,181762.00,184477.00,189240.00,193296.00,197112.00,203036.00,209019.00,212077.00,216120.00,222611.00,227697.00,232229.00,234804.00,236219.00
Slough,E06000039,25484.00,30076.00,32884.00,37048.00,44022.00,50293.00,53663.00,56400.00,58224.00,60228.00,61343.00,62499.00,64374.00,68793.00,73952.00,77218.00,81750.00,85229.00,87361.00,88716.00,89903.00,90778.00
Solihull,E08000029,63807.00,73255.00,81820.00,89967.00,102150.00,108466.00,111786.00,114315.00,117258.00,120031.00,122572.00,125196.00,126611.00,129875.00,133818.00,136434.00,138898.00,143546.00,147532.00,149369.00,150757.00,151910.00
Somerset,E10000027,194938.00,223070.00,245261.00,262150.00,294164.00,309227.00,313061.00,314743.00,317887.00,324147.00,332298.00,339251.00,349766.00,358223.00,364577.00,371653.00,383077.00,395338.00,407985.00,416746.00,420494.00,423215.00
Somerset West and Taunton,E07000246,57096.00,66637.00,70909.00,75194.00,84062.00,88456.00,89296.00,89778.00,90688.00,92183.00,94497.00,95899.00,97986.00,99672.00,101699.00,103510.00,106195.00,109409.00,113063.00,116874.00,117851.00,118596.00
South Ayrshire,S12000028,no value,no value,no value,no value,no value,no value,no value,no value,no value,no value,no value,no value,no value,no value,no value,no value,no value,no value,no value,no value,no value,no value
South Cambridgeshire,E07000012,45937.00,53711.00,60016.00,63470.00,73219.00,79156.00,79761.00,80161.00,81712.00,84876.00,87158.00,90820.00,94347.00,97189.00,100500.00,103805.00,106964.00,110180.00,114430.00,116824.00,118315.00,119171.00
South Derbyshire,E07000039,30970.00,34921.00,38291.00,43622.00,49626.00,54772.00,58103.00,58558.00,59777.00,60912.00,62591.00,63724.00,65722.00,68266.00,69409.00,70302.00,72442.00,74357.00,76084.00,76805.00,77311.00,77723.00
South Gloucestershire,E06000025,78195.00,89021.00,99168.00,108498.00,127961.00,139784.00,141911.00,142844.00,144055.00,146617.00,149703.00,154603.00,159333.00,165478.00,173080.00,177208.00,184981.00,192777.00,200976.00,205488.00,208185.00,209814.00
South Hams,E07000044,30627.00,34752.00,37862.00,40320.00,47029.00,50062.00,50510.00,50621.00,52235.00,53678.00,54014.00,55061.00,56448.00,57668.00,59098.00,60077.00,61615.00,63260.00,64951.00,65809.00,66609.00,67108.00
South Holland,E07000140,27959.00,31160.00,34170.00,36929.00,45163.00,50296.00,51041.00,51559.00,52003.00,52617.00,53464.00,54311.00,55272.00,56979.00,58323.00,58904.00,60348.00,62355.00,64091.00,64865.00,65453.00,65892.00
South Kesteven,E07000141,42767.00,47666.00,53051.00,59008.00,67970.00,76518.00,81813.00,82558.00,83267.00,84156.00,84874.00,85930.00,89076.00,91287.00,93721.00,95589.00,97360.00,100457.00,103753.00,105156.00,105957.00,106362.00
South Lakeland,E07000031,36953.00,41709.00,45821.00,49491.00,54308.00,58606.00,60203.00,60678.00,62182.00,63948.00,65441.00,66882.00,68291.00,69860.00,71391.00,72760.00,74160.00,76248.00,78262.00,79487.00,79947.00,80438.00
South Lanarkshire,S12000029,no value,no value,no value,no value,no value,no value,no value,no value,no value,no value,no value,no value,no value,no value,no value,no value,no value,no value,no value,no value,no value,no value
South Norfolk,E07000149,46462.00,52297.00,57243.00,62544.00,72037.00,77082.00,78374.00,78697.00,79636.00,81542.00,83624.00,84642.00,87447.00,90782.00,93228.00,95979.00,98120.00,100283.00,102662.00,104503.00,105623.00,106517.00
South Oxfordshire,E07000179,39122.00,45669.00,50747.00,56410.00,67901.00,72486.00,73418.00,73824.00,75688.00,78324.00,80984.00,84138.00,86086.00,90010.00,93100.00,96652.00,99466.00,103345.00,106393.00,108525.00,109947.00,110698.00
South Ribble,E07000126,32291.00,36287.00,42066.00,46310.00,54109.00,60369.00,61694.00,62111.00,62996.00,64065.00,65412.00,66198.00,67748.00,70538.00,72626.00,74109.00,76071.00,78006.00,79251.00,79782.00,80201.00,80573.00
South Somerset,E07000189,59608.00,67687.00,75144.00,79104.00,89895.00,93742.00,95641.00,96421.00,97138.00,98128.00,100653.00,102993.00,107073.00,109798.00,111527.00,113430.00,116815.00,119662.00,123774.00,126318.00,127731.00,128588.00
South Staffordshire,E07000196,37575.00,42818.00,47995.00,51947.00,59245.00,63997.00,65915.00,66660.00,67350.00,68252.00,69230.00,70166.00,71315.00,73515.00,75058.00,75898.00,77585.00,79901.00,81931.00,82883.00,83346.00,83727.00
South Tyneside,E08000023,47271.00,52262.00,56484.00,61025.00,67933.00,73762.00,75261.00,76667.00,78670.00,82758.00,83944.00,84382.00,87243.00,91541.00,94186.00,94618.00,96096.00,98490.00,100607.00,102787.00,104355.00,105080.00
Southampton,E06000045,56357.00,63637.00,68860.00,76358.00,87600.00,97828.00,102703.00,104376.00,106952.00,109104.00,110210.00,113125.00,118900.00,124424.00,128087.00,131150.00,135685.00,140683.00,148025.00,152628.00,156602.00,158735.00
Southend-on-Sea,E06000033,48527.00,55195.00,59791.00,65895.00,78006.00,88245.00,90087.00,90962.00,92798.00,94352.00,95565.00,96679.00,100427.00,104395.00,106499.00,107834.00,109979.00,113136.00,116712.00,118976.00,120312.00,121205.00
Southwark,E09000028,47747.00,57015.00,63467.00,73103.00,87616.00,97058.00,100085.00,102347.00,106654.00,112628.00,117276.00,121986.00,126959.00,134811.00,143326.00,151462.00,161120.00,172239.00,182140.00,189948.00,195389.00,198362.00
Spelthorne,E07000213,26374.00,29375.00,31249.00,33657.00,41124.00,45828.00,46617.00,47184.00,48568.00,50406.00,51866.00,53729.00,54898.00,58172.00,61228.00,63358.00,66024.00,68178.00,69763.00,70395.00,71020.00,71496.00
St Albans,E07000240,35219.00,39219.00,43266.00,47631.00,56616.00,65137.00,66586.00,67445.00,70028.00,74146.00,78399.00,81022.00,83341.00,87690.00,89538.00,92058.00,95075.00,98575.00,101900.00,103993.00,105094.00,105676.00
St. Helens,E08000013,56341.00,66160.00,74761.00,79896.00,87614.00,96314.00,99295.00,99884.00,101421.00,103030.00,104797.00,106009.00,109272.00,112066.00,114693.00,116562.00,118807.00,120614.00,125291.00,126948.00,127698.00,128311.00
Stafford,E07000197,46011.00,52685.00,57875.00,64604.00,70933.00,75476.00,76506.00,77763.00,79468.00,80768.00,81548.00,82490.00,83389.00,86892.00,89454.00,90694.00,92701.00,96012.00,97868.00,99266.00,99915.00,100252.00
Staffordshire,E10000028,270173.00,312860.00,349864.00,379551.00,434139.00,467254.00,477966.00,483464.00,490156.00,495648.00,504156.00,512295.00,523950.00,540043.00,556206.00,565300.00,579628.00,599510.00,616827.00,629040.00,633766.00,637382.00
Staffordshire Moorlands,E07000198,32527.00,38614.00,42982.00,45438.00,52082.00,55005.00,56600.00,56911.00,57544.00,58145.00,58834.00,59666.00,61537.00,63009.00,64702.00,65481.00,68443.00,70008.00,71489.00,72531.00,72955.00,73203.00
Stevenage,E07000243,20626.00,23857.00,27164.00,30444.00,37083.00,40462.00,41391.00,41678.00,42562.00,43791.00,45525.00,46375.00,47365.00,48524.00,50795.00,52242.00,54046.00,55724.00,57573.00,58643.00,59528.00,59906.00
Stirling,S12000030,no value,no value,no value,no value,no value,no value,no value,no value,no value,no value,no value,no value,no value,no value,no value,no value,no value,no value,no value,no value,no value,no value
Stockport,E08000007,89081.00,100944.00,109906.00,117352.00,131809.00,142494.00,145684.00,147359.00,150631.00,153522.00,157185.00,161222.00,168056.00,175310.00,182077.00,187159.00,193823.00,199325.00,203593.00,206038.00,207854.00,209248.00
Stockton-on-Tees,E06000004,53941.00,59644.00,65990.00,71909.00,81705.00,91979.00,95697.00,97443.00,99276.00,101493.00,103793.00,106107.00,110532.00,113870.00,116237.00,118290.00,120581.00,123852.00,126704.00,129595.00,131767.00,134099.00
Stoke-on-Trent,E06000021,66578.00,81255.00,89533.00,97442.00,109309.00,118499.00,122293.00,123222.00,125018.00,127225.00,129067.00,130999.00,137659.00,143123.00,147517.00,149840.00,153367.00,157587.00,162232.00,165175.00,167196.00,168795.00
Stratford-on-Avon,E07000221,46194.00,53317.00,57695.00,61477.00,69952.00,73332.00,74484.00,75362.00,77115.00,78855.00,80981.00,83119.00,85085.00,88772.00,91439.00,93148.00,94722.00,97097.00,99422.00,100968.00,102322.00,103050.00
Stroud,E07000082,37049.00,42050.00,45386.00,49146.00,62428.00,67549.00,68276.00,68680.00,69006.00,69467.00,70446.00,72599.00,73506.00,76013.00,77887.00,79134.00,81517.00,85426.00,87971.00,89318.00,89998.00,90511.00
Suffolk,E10000029,259019.00,294144.00,320442.00,343894.00,385749.00,401241.00,405693.00,408766.00,413488.00,423237.00,429335.00,436895.00,458889.00,479070.00,491988.00,500021.00,509426.00,520483.00,532687.00,539509.00,545589.00,550279.00
Sunderland,E08000024,79884.00,90854.00,98853.00,106951.00,122900.00,135898.00,140936.00,143326.00,145217.00,150465.00,155088.00,157816.00,162713.00,166158.00,170395.00,174653.00,182518.00,188157.00,192018.00,195307.00,196970.00,198187.00
Surrey,E10000030,323026.00,367033.00,401878.00,441117.00,520401.00,558860.00,567769.00,574079.00,592909.00,615237.00,632379.00,651101.00,673229.00,706850.00,734840.00,756067.00,780964.00,805512.00,827145.00,841537.00,850704.00,857112.00
Surrey Heath,E07000214,25048.00,27435.00,31479.00,35648.00,43017.00,44953.00,45547.00,45830.00,46772.00,50188.00,51199.00,51785.00,53764.00,55285.00,57714.00,59137.00,61357.00,63121.00,64520.00,65357.00,66059.00,66379.00
Sutton,E09000029,50119.00,57954.00,63935.00,70844.00,79476.00,87614.00,89815.00,90693.00,93354.00,96185.00,98492.00,102714.00,107452.00,111838.00,116488.00,119267.00,123417.00,127270.00,131507.00,134188.00,136026.00,137137.00
Swale,E07000113,38642.00,43811.00,47418.00,51932.00,61799.00,69633.00,71493.00,72250.00,73904.00,75902.00,77072.00,79019.00,81529.00,83850.00,86087.00,88331.00,90698.00,93543.00,96838.00,99591.00,101501.00,102352.00
Swansea,W06000011,no value,no value,no value,no value,no value,no value,no value,no value,no value,no value,no value,no value,no value,no value,no value,no value,no value,no value,no value,no value,no value,no value
Swindon,E06000030,53675.00,63695.00,70358.00,77154.00,90583.00,98099.00,99984.00,101637.00,107126.00,108576.00,110772.00,112509.00,115872.00,121341.00,127609.00,129744.00,133257.00,142742.00,147060.00,153306.00,156577.00,159425.00
Tameside,E08000008,62020.00,67086.00,75644.00,81054.00,94398.00,104520.00,106703.00,108769.00,112473.00,115748.00,118461.00,120360.00,125184.00,131101.00,134710.00,136344.00,141134.00,144951.00,148689.00,150454.00,152059.00,153313.00
Tamworth,E07000199,20530.00,22739.00,26536.00,29251.00,35383.00,37574.00,38070.00,38441.00,39067.00,39387.00,40346.00,41718.00,42503.00,43605.00,45293.00,46812.00,47945.00,49757.00,51484.00,52641.00,53161.00,53494.00
Tandridge,E07000215,25035.00,29821.00,32710.00,36051.00,40572.00,43604.00,44425.00,44739.00,46419.00,47640.00,48471.00,50077.00,53103.00,55768.00,56631.00,57331.00,58690.00,60194.00,61798.00,62509.00,62988.00,63363.00
Teignbridge,E07000045,47637.00,53346.00,59266.00,62780.00,71841.00,77112.00,77557.00,77666.00,79804.00,82541.00,83850.00,85021.00,86408.00,88702.00,90783.00,92761.00,96077.00,98804.00,100958.00,102004.00,102688.00,103285.00
Telford and Wrekin,E06000020,48589.00,58227.00,65763.00,73254.00,82275.00,87104.00,88435.00,88847.00,90998.00,92017.00,94503.00,96916.00,98135.00,100195.00,102168.00,103941.00,107734.00,112665.00,115449.00,118547.00,120836.00,121361.00
Tendring,E07000076,57462.00,65774.00,69273.00,74380.00,83151.00,87217.00,88201.00,88643.00,89811.00,90817.00,91466.00,92388.00,94844.00,97635.00,99612.00,101393.00,103528.00,105363.00,107420.00,108842.00,109797.00,110658.00
Test Valley,E07000093,35450.00,41131.00,45030.00,48405.00,58035.00,64667.00,65939.00,66454.00,67781.00,70693.00,72856.00,74567.00,76385.00,79780.00,81693.00,83156.00,85265.00,87793.00,90419.00,94814.00,96289.00,97289.00
Tewkesbury,E07000083,30561.00,33239.00,36223.00,39832.00,45781.00,50833.00,51442.00,51899.00,52537.00,53358.00,53862.00,55435.00,57613.00,60447.00,62354.00,64099.00,65956.00,67711.00,69889.00,70708.00,71190.00,71559.00
Thanet,E07000114,42627.00,50337.00,53789.00,60942.00,68192.00,73206.00,74117.00,74366.00,74676.00,76341.00,77712.00,79186.00,85023.00,87794.00,89291.00,90342.00,93596.00,95267.00,97038.00,97771.00,98336.00,98769.00
The Vale of Glamorgan,W06000014,no value,no value,no value,no value,no value,no value,no value,no value,no value,no value,no value,no value,no value,no value,no value,no value,no value,no value,no value,no value,no value,no value
Three Rivers,E07000102,26150.00,28864.00,32554.00,35202.00,40071.00,44622.00,46168.00,46803.00,48100.00,50185.00,51248.00,52649.00,54170.00,56861.00,58120.00,59739.00,61149.00,62991.00,64732.00,65769.00,66581.00,67038.00
Thurrock,E06000034,33935.00,38934.00,42774.00,44758.00,56540.00,67641.00,71855.00,72864.00,74130.00,75460.00,76637.00,78417.00,81993.00,83942.00,86700.00,88592.00,91780.00,95017.00,99008.00,101066.00,101723.00,102614.00
Tonbridge and Malling,E07000115,33655.00,38673.00,42596.00,47903.00,55652.00,62752.00,63835.00,64368.00,65831.00,66948.00,69109.00,71934.00,73406.00,75499.00,78214.00,80082.00,82442.00,85376.00,87852.00,90066.00,91526.00,92416.00
Torbay,E06000027,48347.00,55648.00,61684.00,64511.00,72971.00,77521.00,80173.00,80668.00,82338.00,82990.00,84208.00,84975.00,86305.00,88226.00,89931.00,91195.00,93476.00,95674.00,98693.00,99804.00,100582.00,101352.00
Torfaen,W06000020,no value,no value,no value,no value,no value,no value,no value,no value,no value,no value,no value,no value,no value,no value,no value,no value,no value,no value,no value,no value,no value,no value
Torridge,E07000046,23333.00,27375.00,29623.00,32087.00,36068.00,39324.00,39932.00,40000.00,40595.00,41262.00,41990.00,42678.00,43542.00,45031.00,45948.00,46826.00,47365.00,49131.00,50171.00,51236.00,51680.00,52077.00
Tower Hamlets,E09000030,34656.00,43335.00,49554.00,57466.00,68979.00,78746.00,82775.00,85295.00,89472.00,92502.00,96404.00,100630.00,105523.00,114425.00,124294.00,133981.00,146470.00,161742.00,176234.00,185004.00,190023.00,193355.00
Trafford,E08000009,65442.00,76849.00,84216.00,90817.00,100530.00,108727.00,112046.00,113408.00,116023.00,119278.00,122607.00,125270.00,130163.00,137767.00,142201.00,145020.00,148677.00,152094.00,156805.00,159634.00,160971.00,162089.00
Tunbridge Wells,E07000116,32248.00,36770.00,39101.00,42047.00,49932.00,54243.00,54893.00,55542.00,56861.00,58114.00,59684.00,62410.00,64178.00,66247.00,68690.00,70421.00,72592.00,75173.00,77632.00,79259.00,80601.00,81609.00
Uttlesford,E07000077,22469.00,26734.00,29454.00,32836.00,38965.00,44738.00,45547.00,45804.00,46910.00,48853.00,50291.00,51535.00,53574.00,55677.00,57734.00,58838.00,60348.00,61990.00,63830.00,65109.00,65697.00,66149.00
Vale of White Horse,E07000180,35117.00,41148.00,45486.00,51516.00,60701.00,65004.00,65855.00,66247.00,67650.00,70958.00,73490.00,75467.00,76693.00,80273.00,83242.00,86077.00,89904.00,93645.00,96846.00,99243.00,100676.00,101415.00
Wakefield,E08000036,95361.00,107804.00,118950.00,130731.00,152067.00,170726.00,175545.00,177425.00,180014.00,182762.00,185533.00,191097.00,198267.00,205787.00,212828.00,217608.00,222459.00,229001.00,237233.00,241211.00,243302.00,244798.00
Walsall,E08000030,72783.00,85590.00,96015.00,105428.00,120449.00,130527.00,133551.00,134825.00,137573.00,139611.00,142962.00,146540.00,150211.00,156006.00,159936.00,162700.00,166720.00,173234.00,177982.00,179902.00,181056.00,182217.00
Waltham Forest,E09000031,46682.00,56766.00,64651.00,68060.00,75856.00,85629.00,90471.00,92423.00,97465.00,100652.00,103404.00,107421.00,112445.00,118701.00,125923.00,132418.00,138339.00,145202.00,150998.00,154766.00,156824.00,158420.00
Wandsworth,E09000032,59381.00,70768.00,77458.00,85761.00,99364.00,108121.00,111063.00,113189.00,117746.00,122596.00,127994.00,133316.00,139626.00,150518.00,163224.00,174679.00,188846.00,204050.00,214729.00,219996.00,223488.00,225746.00
Warrington,E06000007,59935.00,70818.00,76243.00,80361.00,91315.00,103296.00,107443.00,108691.00,110492.00,113211.00,115153.00,117252.00,120483.00,125482.00,130286.00,132836.00,135849.00,139388.00,143262.00,145990.00,147058.00,148311.00
Warwick,E07000222,42751.00,49764.00,54467.00,58981.00,65537.00,69802.00,71643.00,72291.00,73340.00,76182.00,78057.00,79664.00,82707.00,85890.00,89029.00,91420.00,93354.00,97626.00,101190.00,103084.00,104985.00,105684.00
Warwickshire,E10000031,176199.00,201982.00,221987.00,240026.00,271805.00,291636.00,297050.00,300325.00,307566.00,315370.00,322306.00,329777.00,338979.00,351184.00,364219.00,372048.00,380632.00,393401.00,407045.00,415117.00,420772.00,423692.00
Watford,E07000103,21953.00,24605.00,28190.00,30349.00,35538.00,40368.00,42379.00,43817.00,44880.00,46536.00,47223.00,48283.00,51304.00,52892.00,55298.00,57267.00,59148.00,61244.00,63460.00,64548.00,65513.00,66035.00
Waverley,E07000216,37372.00,41950.00,44932.00,49349.00,58243.00,64605.00,65507.00,67503.00,69913.00,71060.00,72212.00,73833.00,75380.00,79339.00,82017.00,84446.00,86357.00,88639.00,90706.00,92522.00,93555.00,94268.00
Wealden,E07000065,55035.00,60181.00,66160.00,71480.00,80547.00,87918.00,88952.00,89515.00,90846.00,93058.00,94521.00,96560.00,98982.00,101998.00,104240.00,106266.00,108696.00,111101.00,113760.00,115917.00,117342.00,118236.00
Welwyn Hatfield,E07000241,25651.00,29183.00,34100.00,37768.00,43543.00,49336.00,50439.00,51199.00,52377.00,54025.00,55438.00,57449.00,58380.00,60067.00,62626.00,64334.00,66476.00,69577.00,72738.00,74618.00,76299.00,77113.00
West Berkshire,E06000037,39705.00,45971.00,51103.00,57432.00,71065.00,77657.00,78944.00,79231.00,80530.00,83126.00,85650.00,88299.00,91443.00,95165.00,99734.00,102029.00,105251.00,107862.00,111338.00,114567.00,116371.00,117306.00
West Devon,E07000047,21857.00,24488.00,26288.00,27485.00,30842.00,32948.00,33093.00,33223.00,33842.00,34687.00,35463.00,36264.00,37348.00,38235.00,38715.00,39204.00,40062.00,41026.00,42272.00,42815.00,43169.00,43392.00
West Dunbartonshire,S12000039,no value,no value,no value,no value,no value,no value,no value,no value,no value,no value,no value,no value,no value,no value,no value,no value,no value,no value,no value,no value,no value,no value
West Lancashire,E07000127,37196.00,42586.00,45446.00,48369.00,55116.00,60827.00,63047.00,63781.00,64954.00,65644.00,66605.00,67500.00,69746.00,72105.00,73536.00,74236.00,75670.00,77370.00,79185.00,79942.00,80582.00,80877.00
West Lindsey,E07000142,31578.00,36846.00,39997.00,42825.00,49473.00,53356.00,54639.00,56053.00,56667.00,57864.00,58520.00,59491.00,60178.00,61925.00,63741.00,64783.00,65702.00,67116.00,68914.00,70117.00,70660.00,71041.00
West Lothian,S12000040,no value,no value,no value,no value,no value,no value,no value,no value,no value,no value,no value,no value,no value,no value,no value,no value,no value,no value,no value,no value,no value,no value
West Northamptonshire,E06000062,99719.00,119149.00,132430.00,146969.00,167513.00,186702.00,193147.00,195543.00,200767.00,203994.00,207545.00,212789.00,217975.00,225515.00,236609.00,242246.00,252416.00,263357.00,272711.00,276591.00,279541.00,281523.00
West Oxfordshire,E07000181,31614.00,36749.00,40412.00,44738.00,53556.00,57306.00,57918.00,58333.00,59794.00,61339.00,62483.00,64423.00,65973.00,68206.00,70275.00,72501.00,74775.00,77393.00,80001.00,82454.00,84146.00,84975.00
West Suffolk,E07000245,54201.00,61252.00,66771.00,72558.00,81818.00,85635.00,86281.00,86548.00,87516.00,90544.00,92261.00,94263.00,97447.00,101954.00,104010.00,105771.00,108343.00,111476.00,115681.00,117917.00,119812.00,121423.00
West Sussex,E10000032,272927.00,315593.00,345109.00,373572.00,420887.00,448543.00,454091.00,458036.00,468953.00,482187.00,492879.00,502593.00,520343.00,539186.00,555817.00,570295.00,579424.00,594987.00,612435.00,625201.00,633325.00,638199.00
Westminster,E09000033,37983.00,45951.00,50913.00,55316.00,64584.00,71609.00,73871.00,75393.00,79422.00,82294.00,85380.00,88290.00,92370.00,97366.00,103713.00,110935.00,119634.00,127728.00,133538.00,137443.00,139895.00,141784.00
Wigan,E08000010,88917.00,102657.00,114238.00,124557.00,145581.00,157305.00,160874.00,162486.00,165347.00,170305.00,174487.00,179005.00,184508.00,192247.00,197093.00,202709.00,207318.00,214198.00,220153.00,222343.00,223713.00,224954.00
Wiltshire,E06000054,145387.00,170909.00,191907.00,204404.00,236907.00,253485.00,257614.00,260184.00,263744.00,269012.00,274217.00,284481.00,293088.00,301931.00,311000.00,317148.00,328653.00,343556.00,356406.00,366177.00,372186.00,376826.00
Winchester,E07000094,37100.00,41322.00,46005.00,49711.00,57945.00,64062.00,65507.00,66025.00,67129.00,69622.00,71173.00,72684.00,75394.00,78859.00,81324.00,82062.00,83321.00,86903.00,89476.00,91540.00,92770.00,93755.00
Windsor and Maidenhead,E06000040,37278.00,43354.00,48762.00,52937.00,65186.00,72372.00,76072.00,78754.00,81451.00,82896.00,83506.00,84656.00,86702.00,89894.00,93755.00,96572.00,99481.00,102609.00,105589.00,107672.00,108619.00,109393.00
Wirral,E08000015,107589.00,119286.00,128652.00,136961.00,158411.00,168467.00,171249.00,173039.00,175353.00,179486.00,182507.00,186573.00,193159.00,200750.00,204271.00,207079.00,210490.00,215503.00,220124.00,222770.00,224584.00,225991.00
Woking,E07000217,25395.00,29010.00,31657.00,34101.00,39921.00,43994.00,45155.00,45608.00,47209.00,49196.00,50832.00,52292.00,53498.00,57416.00,60598.00,63161.00,65252.00,67988.00,69872.00,70945.00,71836.00,72364.00
Wokingham,E06000041,40384.00,47748.00,52295.00,56979.00,70103.00,78177.00,79768.00,80226.00,82848.00,86274.00,88930.00,92956.00,97525.00,101985.00,106179.00,109715.00,112127.00,117655.00,121044.00,123214.00,124365.00,125146.00
Wolverhampton,E08000031,62777.00,73884.00,83370.00,91773.00,105658.00,114713.00,117044.00,118597.00,120674.00,122927.00,126136.00,129409.00,135043.00,139547.00,143779.00,146396.00,150597.00,155209.00,159289.00,161538.00,163168.00,164441.00
Worcester,E07000237,31514.00,34967.00,38309.00,40716.00,45079.00,49218.00,49828.00,50132.00,50864.00,51790.00,52660.00,53795.00,55681.00,57556.00,60051.00,60981.00,62500.00,65230.00,68215.00,70292.00,71003.00,71517.00
Worcestershire,E10000034,195625.00,221118.00,242922.00,263088.00,299051.00,320062.00,325294.00,328141.00,333533.00,340227.00,346167.00,351383.00,364757.00,375112.00,385047.00,390461.00,398972.00,409757.00,421680.00,429555.00,433088.00,436039.00
Worthing,E07000229,35558.00,41441.00,44373.00,48658.00,54863.00,57878.00,58296.00,58538.00,59528.00,61039.00,62812.00,63760.00,65635.00,68821.00,71310.00,73119.00,74457.00,75626.00,77661.00,79576.00,80470.00,81055.00
Wrexham,W06000006,no value,no value,no value,no value,no value,no value,no value,no value,no value,no value,no value,no value,no value,no value,no value,no value,no value,no value,no value,no value,no value,no value
Wychavon,E07000238,45245.00,51745.00,56120.00,61054.00,69603.00,72931.00,74196.00,74932.00,75851.00,77908.00,78856.00,79977.00,82918.00,84866.00,86946.00,88524.00,90245.00,92637.00,95287.00,97354.00,98223.00,98990.00
Wyre,E07000128,44651.00,49298.00,53602.00,57797.00,63133.00,67425.00,68259.00,69414.00,69894.00,71229.00,72200.00,72753.00,74799.00,75611.00,76956.00,77515.00,78163.00,79796.00,81224.00,82170.00,82812.00,83147.00
Wyre Forest,E07000239,34662.00,40061.00,43199.00,47251.00,51942.00,54337.00,55503.00,55961.00,57026.00,58262.00,59650.00,60701.00,64421.00,66616.00,67781.00,68092.00,69977.00,71078.00,72633.00,73308.00,73969.00,74421.00
York,E06000014,57286.00,61939.00,68657.00,75603.00,84272.00,91280.00,93057.00,93355.00,96874.00,99067.00,100873.00,105568.00,110217.00,114329.00,118322.00,123647.00,127590.00,132662.00,136861.00,141529.00,145770.00,146897.00
