Title:,COVID-19 Vaccinations By Lower Tier Local Authority (LTLA) of Residence and Age Group,,,,,,,,,,,,,,,,,,,,,,,,,,,,,,,,,,,
Summary:,"The number of people who have been vaccinated for COVID-19, split by LTLA of residence and age group, as reported to the date of publication.",,,,,,,,,,,,,,,,,,,149952,,,,,,,,,,,,,,,,
"Period1,2:",8th December 2020 to 8th July 2021,,,,,,,,,,,,,,,,,,,,,,,,,,,,,,,,,,,
Source:,"National Immunisation Management Service (NIMS), NHS Foundry",,,,,,,,,,,,,,,,,,,,,,,,,,,,,,,,,,,
Basis:,England,,,,,,,,,,,,,,,,,,,,,,,,,,,,,,,,,,,
Published:,9th July 2021,,,,,,,,,,,,,,,,,,,,,,,,,,,,,,,,,,,
Status:,Published,,,,,,,,,,,,,,,,,,,,,,,,,,,,,,,,,,,
Definitions3:,"The data in this release includes all vaccinations administered in England, even if individuals vaccinated do not have an NHS number or are no longer resident in the population.",,,,,,,,,,,,,,,,,,,,,,,,,,,,,,,,,,,
,,,,,,,,,,,,,,,,,,,,,,,,,,,,,,,,,,,,
,,,,,,,,,,,,,,,,,,,,,,,,,,,,,,,,,,,,
,,,,,,,,,,,,,,,,,,,,,,,,,,,,,,,,,,,,
UTLA Code,UTLA Name,LTLA Cod,LTLA Name,1st dose,,,,,,,,,,,,,,Total 1st Doses,,2nd dose,,,,,,,,,,,,,,Total 2nd Doses,,Cumulative Total Doses (1st and 2nd doses) to Date
,,,,Under 25,25-29,30-34,35-39,40-44,45-49,50-54,55-59,60-64,65-69,70-74,75-79,80+,,,,Under 25,25-29,30-34,35-39,40-44,45-49,50-54,55-59,60-64,65-69,70-74,75-79,80+,,,,
Total,,,,2968716,2445222,2848268,2983454,3022568,3188516,3593281,3583691,3107414,2667251,2724369,2003724,2768463,,38335161,,885267,862687,1126810,1383499,2065970,2596018,3407024,3444683,3018849,2610372,2676708,1961977,2660341,,28805193,,67140354
,,,,,,,,,,,,,,,,,,,,,,,,,,,,,,,,,,,,
E10000032,West Sussex,E07000223,Adur,2905,2416,2991,3318,3671,4086,4394,4314,3803,3467,3969,3043,4447,,46824,,901,802,1033,1320,2807,3520,4265,4192,3725,3398,3920,2986,4339,,37208,,84032
E10000006,Cumbria,E07000026,Allerdale,6121,4109,4317,4613,4655,5487,7361,7413,6936,6239,6655,4550,6352,,74808,,2456,2056,2403,2875,3790,4961,7138,7231,6814,6159,6539,4460,6106,,62988,,137796
E10000007,Derbyshire,E07000032,Amber Valley,6483,5284,5967,6179,6536,7910,9410,9469,8207,7373,8034,5839,6973,,93664,,1759,1835,2182,3168,5689,7395,9146,9248,8080,7265,7932,5762,6755,,76216,,169880
E10000032,West Sussex,E07000224,Arun,7395,5449,6421,6685,7161,8281,10412,11137,10449,10234,12246,9554,13715,,119139,,2022,1841,2318,2600,4212,6119,9936,10714,10212,10068,12074,9382,13221,,94719,,213858
E10000024,Nottinghamshire,E07000170,Ashfield,6430,5248,6342,6472,6406,7262,8806,8763,7339,6421,6548,5229,6232,,87498,,2276,2127,2647,3092,4316,6256,8516,8537,7191,6310,6438,5120,5949,,68775,,156273
E10000016,Kent,E07000105,Ashford,6464,5382,6555,6705,7039,7752,9385,8840,7309,6450,7148,5359,6709,,91097,,1814,1797,2279,2497,3866,5499,8903,8500,7094,6319,7021,5248,6465,,67302,,158399
E10000029,Suffolk,E07000200,Babergh,4329,3119,3616,3874,4512,5281,6577,6831,6033,5745,6642,5064,6567,,68190,,1461,1140,1375,1630,2706,4070,6413,6679,5950,5662,6550,4996,6348,,54980,,123170
E09000002,Barking and Dagenham,E09000002,Barking and Dagenham,8090,7235,9848,11847,12483,11785,11604,9986,7692,5479,4428,3049,4764,,108290,,2291,2493,3659,5132,7886,8853,10534,9237,7284,5225,4253,2925,4502,,74274,,182564
E09000003,Barnet,E09000003,Barnet,17829,17085,20412,22476,23778,22606,22111,20503,17520,14370,13600,9931,15207,,237428,,6052,6660,8560,11048,17288,19465,20693,19409,16826,13875,13193,9617,14429,,177115,,414543
E08000016,Barnsley,E08000016,Barnsley,11830,10396,12026,12532,12115,13800,17656,17215,15082,13028,12852,9471,11580,,169583,,3676,3823,5817,7281,9466,11615,16775,16605,14706,12759,12614,9283,11095,,135515,,305098
E10000006,Cumbria,E07000027,Barrow-in-Furness,3503,2977,3351,3259,3056,3777,4791,4905,4282,3743,3997,2952,3689,,48282,,1105,1061,1286,1428,2050,3208,4569,4740,4172,3691,3955,2899,3578,,37742,,86024
E10000012,Essex,E07000066,Basildon,8785,7668,9619,10397,10380,10841,12263,11842,10106,8124,8652,6072,8521,,123270,,2650,2898,3965,4877,7552,9020,11564,11306,9737,7888,8387,5907,8157,,93908,,217178
E10000014,Hampshire,E07000084,Basingstoke and Deane,9347,8317,10632,11197,11251,11779,12950,12427,10048,8264,8784,6262,8151,,129409,,2374,2503,3312,3774,6253,9754,12568,12155,9895,8165,8667,6165,7847,,93432,,222841
E10000024,Nottinghamshire,E07000171,Bassetlaw,6011,4796,5307,5484,5690,6729,8415,8820,7589,6659,7179,5302,6592,,84573,,1740,1870,2086,2927,4936,5988,8119,8578,7421,6566,7084,5211,6341,,68867,,153440
E06000022,Bath and North East Somerset,E06000022,Bath and North East Somerset,16898,9079,9271,9175,9649,10804,12111,12205,10475,9214,9706,7333,10903,,136823,,3745,2629,3049,3229,5150,7493,11710,11886,10298,9085,9581,7231,10509,,95595,,232418
E06000055,Bedford,E06000055,Bedford,8980,7341,9134,9880,10490,10625,11757,11220,9464,7979,8148,5738,8294,,119050,,2251,2270,3023,3759,6739,8407,11176,10797,9198,7811,8025,5641,8027,,87124,,206174
E09000004,Bexley,E09000004,Bexley,10802,8959,11390,13123,14005,13971,15724,15583,13000,10239,10196,7612,11817,,156421,,3240,3121,4618,6286,9436,11192,14678,14828,12579,10001,9999,7462,11357,,118797,,275218
E08000025,Birmingham,E08000025,Birmingham,56514,42957,51863,55695,56417,55620,59465,55407,47889,39577,35690,26938,40329,,624361,,17966,16562,22639,28277,38722,43785,53914,51547,45334,37966,34605,26086,38258,,455661,,1080022
E10000018,Leicestershire,E07000129,Blaby,5068,4203,5107,5482,5591,6007,6971,6903,6134,5204,5640,4187,5693,,72190,,1880,1925,2589,3198,4565,5417,6746,6726,6013,5126,5585,4138,5513,,59421,,131611
E06000008,Blackburn with Darwen,E06000008,Blackburn with Darwen,8289,6080,7131,8178,8174,8613,9402,8759,7629,6379,5959,3975,5346,,93914,,2790,2474,2893,3521,4880,6093,8547,8255,7346,6167,5802,3853,5099,,67720,,161634
E06000009,Blackpool,E06000009,Blackpool,7242,5821,6876,6612,6490,7683,9848,10464,8898,7343,7627,5699,7727,,98330,,2864,2931,3842,3903,4958,6467,9314,10001,8604,7169,7475,5574,7419,,80521,,178851
E10000007,Derbyshire,E07000033,Bolsover,4219,3614,3943,4001,3806,4655,5993,5774,5064,4281,4287,3437,3914,,56988,,1422,1452,1840,2162,2891,4102,5776,5619,4963,4199,4222,3388,3757,,45793,,102781
E08000001,Bolton,E08000001,Bolton,16749,11120,13984,15379,15383,16745,18773,18208,15467,13334,13770,9884,12452,,191248,,6062,4949,6623,8133,10172,12852,17138,17076,14814,12931,13510,9665,11872,,145797,,337045
E10000019,Lincolnshire,E07000136,Boston,3108,2334,2770,2996,3024,3593,4126,4377,3984,3607,3710,2813,3903,,44345,,1028,975,1164,1424,2076,2880,3914,4234,3893,3544,3666,2769,3765,,35332,,79677
E06000058,"Bournemouth, Christchurch and Poole",E06000058,"Bournemouth, Christchurch and Poole",20807,15647,18568,20258,21336,22095,24623,25042,22188,20045,21892,16733,25954,,275188,,5957,5661,8028,10748,17359,19744,23551,24141,21635,19656,21520,16371,24973,,219344,,494532
E06000036,Bracknell Forest,E06000036,Bracknell Forest,6642,5360,6792,7517,7818,7882,8392,7975,6659,5369,4872,3464,4727,,83469,,1615,1504,2133,2795,5623,6422,8041,7739,6501,5256,4756,3397,4590,,60372,,143841
E08000032,Bradford,E08000032,Bradford,24842,19111,24347,27671,28365,28623,30729,29816,27068,22853,21445,13956,21506,,320332,,8974,7769,10516,14196,19258,22460,28214,28204,25965,22155,21000,13606,20636,,242953,,563285
E10000012,Essex,E07000067,Braintree,7027,5852,7081,7575,8106,9337,10992,10404,8859,8003,8677,6202,7841,,105956,,2081,1877,2473,3055,5547,7748,10554,10056,8636,7864,8522,6099,7543,,82055,,188011
E10000020,Norfolk,E07000143,Breckland,6669,5421,6150,6068,6544,7632,9342,9917,8856,8465,9501,7147,9508,,101220,,1989,1780,2678,3226,4663,6390,8982,9686,8685,8354,9286,6976,9182,,81877,,183097
E09000005,Brent,E09000005,Brent,16159,17566,20420,20786,19981,18856,18653,17189,14514,11216,8841,6407,9569,,200157,,4918,6411,9026,11717,13564,15362,16732,15678,13579,10628,8433,6144,8657,,140849,,341006
E10000012,Essex,E07000068,Brentwood,3709,3089,3711,3975,4333,4603,5293,5458,4395,3681,3883,2920,4813,,53863,,888,901,1164,1862,2681,3843,5052,5271,4288,3589,3827,2880,4663,,40909,,94772
E06000043,Brighton and Hove,E06000043,Brighton and Hove,21850,15162,16414,16463,16933,18258,19261,17309,13099,10489,9969,7010,10522,,192739,,5275,4645,5303,5883,10709,14197,18289,16573,12657,10212,9732,6828,9998,,130301,,323040
E06000023,"Bristol, City of",E06000023,"Bristol, City of",35056,30576,33459,30824,27204,24517,24636,23874,19786,16545,15685,11209,16559,,309930,,9892,9293,10897,11629,16492,18375,23205,22842,19103,16107,15365,10945,15967,,200112,,510042
E10000020,Norfolk,E07000144,Broadland,6259,4981,5928,6351,6855,8034,9512,9615,8575,7964,9088,6846,9825,,99833,,1913,1700,2107,2501,4134,6175,9232,9390,8459,7873,8979,6754,9527,,78744,,178577
E09000006,Bromley,E09000006,Bromley,13340,12274,16285,19482,21186,20948,21971,21047,17433,13974,14985,10977,16992,,220894,,3878,3914,5625,7643,14137,17623,20970,20279,16950,13654,14738,10767,16258,,166436,,387330
E10000034,Worcestershire,E07000234,Bromsgrove,4965,3610,4359,4908,5438,6185,7164,7108,6124,5583,5704,4602,6528,,72278,,1588,1374,2019,2654,4189,5528,6935,6945,6008,5498,5635,4527,6276,,59176,,131454
E10000015,Hertfordshire,E07000095,Broxbourne,4385,3497,4171,4942,5305,5630,6592,6347,5235,4155,4404,3381,5033,,63077,,1302,1170,1550,2112,3674,4698,6257,6117,5097,4069,4343,3314,4899,,48602,,111679
E10000024,Nottinghamshire,E07000172,Broxtowe,6183,5284,5850,5842,5757,6198,7515,7638,6656,5888,6673,4861,6542,,80887,,1739,1789,2107,2298,3723,5154,7241,7409,6517,5805,6586,4767,6265,,61400,,142287
E06000060,Buckinghamshire,E06000060,Buckinghamshire,26064,20817,24697,28709,32479,34346,37788,37229,31474,26090,26415,20151,29071,,375330,,7027,6520,8732,12155,22097,28211,36342,36180,30796,25633,25972,19805,28014,,287484,,662814
E10000017,Lancashire,E07000117,Burnley,3836,3255,4053,4348,4393,4732,5555,5744,5186,4422,4638,3197,3892,,57251,,1057,1211,1671,2024,2698,3540,5117,5436,5000,4303,4572,3132,3723,,43484,,100735
E08000002,Bury,E08000002,Bury,8922,7392,9448,10487,10214,10971,12390,12671,10696,9108,9710,6887,8959,,127855,,2907,2786,3876,5325,6728,8627,11516,12050,10345,8847,9458,6702,8501,,97668,,225523
E08000033,Calderdale,E08000033,Calderdale,10012,8140,9629,10378,10752,12471,14880,14381,12560,10491,10829,7553,9538,,141614,,2957,2960,3897,4974,8132,10739,14163,13868,12282,10284,10650,7388,9172,,111466,,253080
E10000003,Cambridgeshire,E07000008,Cambridge,16114,11973,10532,8796,7906,6982,6791,6235,5010,4403,3987,3030,4672,,96431,,3523,3430,3296,3561,5007,5709,6457,6002,4844,4269,3887,2939,4494,,57418,,153849
E09000007,Camden,E09000007,Camden,15256,16327,16938,14360,12989,12164,11890,10538,8562,6715,6236,4648,6055,,142678,,4509,5559,6920,7292,9372,9948,10916,9739,8067,6356,6001,4484,5773,,94936,,237614
E10000028,Staffordshire,E07000192,Cannock Chase,5033,4596,5478,5496,5020,5985,7389,7212,5923,5188,5255,3980,4827,,71382,,1503,1733,2202,2328,3797,5459,7140,7024,5805,5098,5173,3910,4643,,55815,,127197
E10000016,Kent,E07000106,Canterbury,13407,6973,6840,7116,7388,8223,9461,9761,8865,8364,9225,6808,9383,,111814,,3185,2344,2711,3221,4730,6194,9057,9441,8663,8243,9100,6716,9072,,82677,,194491
E10000006,Cumbria,E07000028,Carlisle,5262,4534,5094,5524,5290,6100,7254,7759,7332,6245,6367,4400,6343,,77504,,1532,1636,1923,2493,3336,4982,6953,7539,7179,6161,6285,4330,6098,,60447,,137951
E10000012,Essex,E07000069,Castle Point,4349,3296,3843,4219,4331,4924,6145,6221,5554,5144,6295,4815,6084,,65220,,1378,1274,1518,1964,3288,4348,5862,5986,5414,5017,6176,4720,5846,,52791,,118011
E06000056,Central Bedfordshire,E06000056,Central Bedfordshire,13695,11925,15109,16402,16756,17365,19667,20016,16889,13975,14393,10462,13190,,199844,,3754,3750,5117,6204,10969,14312,18932,19425,16575,13748,14150,10269,12747,,149952,,349796
E10000018,Leicestershire,E07000130,Charnwood,16118,8000,8809,9511,9356,9995,11592,11280,10161,9085,9157,6808,8980,,128852,,3823,2899,3618,5191,7030,8867,11126,10937,9951,8920,9037,6706,8698,,96803,,225655
E10000012,Essex,E07000070,Chelmsford,8407,7646,9070,10053,10655,11369,12189,11645,9863,8531,9426,6928,9707,,125489,,2439,2590,3302,4008,6891,9277,11649,11241,9591,8352,9277,6812,9433,,94862,,220351
E10000013,Gloucestershire,E07000078,Cheltenham,7934,6331,6674,7073,6730,6817,7487,7777,6501,5520,5713,4415,7045,,86017,,1844,1746,1897,2293,4752,5655,7192,7581,6366,5444,5637,4342,6781,,61530,,147547
E10000025,Oxfordshire,E07000177,Cherwell,7311,6760,8555,9302,9392,9536,10789,10706,8784,7374,7448,5335,7617,,108909,,1922,1984,2564,3109,6409,7527,10408,10441,8611,7261,7353,5239,7362,,80190,,189099
E06000049,Cheshire East,E06000049,Cheshire East,18788,15153,18053,20025,20704,23974,28208,29086,24831,21734,23882,17854,24352,,286644,,5564,5291,6861,9287,13893,19535,27117,28285,24309,21402,23552,17537,23480,,226113,,512757
E06000050,Cheshire West and Chester,E06000050,Cheshire West and Chester,18567,14154,16679,17944,18156,20700,24394,25447,21988,19222,20166,14777,20266,,252460,,5275,4770,6254,7700,11675,16695,23252,24479,21441,18849,19852,14499,19463,,194204,,446664
E10000007,Derbyshire,E07000034,Chesterfield,5645,4806,5211,5258,5309,6141,7252,7538,6713,5868,5916,4436,5819,,75912,,2241,2433,2376,2633,4706,5739,6967,7303,6594,5772,5817,4328,5558,,62467,,138379
E10000032,West Sussex,E07000225,Chichester,6394,4410,4896,5160,5671,6579,7990,8963,8495,7776,8582,6861,9888,,91665,,1759,1495,1892,2425,3920,5468,7737,8718,8359,7665,8468,6751,9559,,74216,,165881
E10000017,Lancashire,E07000118,Chorley,5607,4374,5496,6127,6330,7056,8266,8110,6999,6138,6736,4809,5731,,81779,,1875,1740,2407,3071,4494,5690,7912,7856,6857,6048,6648,4725,5532,,64855,,146634
E09000001,City of London,E09000001,City of London,413,717,719,590,470,460,492,473,380,339,317,205,252,,5827,,109,198,232,224,299,398,468,449,369,327,307,202,243,,3825,,9652
E10000012,Essex,E07000071,Colchester,11671,8426,10070,10329,10865,11223,12241,11571,9626,8363,9532,6887,9041,,129845,,3284,3075,3919,4661,6988,8985,11753,11204,9401,8230,9346,6728,8648,,96222,,226067
E10000006,Cumbria,E07000029,Copeland,4079,2937,3115,3277,3072,3763,4763,5415,4883,4210,4253,2986,3926,,50679,,1467,1297,1494,1696,1959,2868,4556,5236,4756,4120,4189,2931,3752,,40321,,91000
E06000052,Cornwall,E06000052,Cornwall,29812,20552,23887,25227,26782,30888,37749,40927,38716,36075,39351,29019,36703,,415688,,7733,6966,8588,10178,17508,24465,36227,39705,37861,35485,38774,28471,35313,,327274,,742962
E10000013,Gloucestershire,E07000079,Cotswold,4873,3423,3751,4203,4638,5499,6561,7140,6380,5872,6174,4780,6565,,69859,,1030,818,1272,1723,2985,4716,6323,6971,6267,5798,6116,4703,6364,,55086,,124945
E06000047,County Durham,E06000047,County Durham,32990,21352,23951,25671,25973,29078,36156,38023,34114,30215,30190,21564,27882,,377159,,8352,7418,9602,11587,17981,23798,34700,37015,33448,29817,29794,21193,26813,,291518,,668677
E08000026,Coventry,E08000026,Coventry,25786,15366,17918,18501,18171,17893,19729,18515,15794,13007,12374,9851,14123,,217028,,6681,5062,6906,8521,13963,15037,18418,17629,15253,12663,12101,9591,13475,,155300,,372328
E10000023,North Yorkshire,E07000163,Craven,3037,2007,2325,2409,2718,3183,4250,4473,4357,4016,4118,3145,4166,,44204,,1244,903,1269,1581,2150,2755,4093,4376,4279,3966,4059,3104,4023,,37802,,82006
E10000032,West Sussex,E07000226,Crawley,5602,5079,6714,7495,7469,6878,7017,6633,5731,4424,4062,2592,4187,,73883,,1959,1794,2451,3642,5237,5993,6715,6395,5573,4362,4005,2551,4051,,54728,,128611
E09000008,Croydon,E09000008,Croydon,14292,14652,19413,21415,21407,20566,22378,22218,18169,14118,12959,9139,13485,,224211,,4228,4949,7154,8943,13461,15512,20398,20661,17161,13478,12493,8716,12502,,159656,,383867
E10000015,Hertfordshire,E07000096,Dacorum,7656,6263,7968,9029,9535,9756,10233,10265,8798,7125,6888,4975,7561,,106052,,1985,1922,2670,3486,7413,8434,9837,9997,8592,6997,6794,4893,7241,,80261,,186313
E06000005,Darlington,E06000005,Darlington,4465,3883,4928,5261,5667,6118,7291,7495,6763,5809,5872,4145,5980,,73677,,1676,1487,1903,2116,3079,4623,6977,7221,6591,5728,5807,4079,5760,,57047,,130724
E10000016,Kent,E07000107,Dartford,4624,4376,5884,6982,6949,6716,6987,6575,5345,4209,4137,2928,4435,,70147,,1542,1671,2432,3519,4706,5333,6601,6332,5227,4083,4059,2860,4253,,52618,,122765
E06000015,Derby,E06000015,Derby,16123,12253,13210,14172,13803,14443,15565,15176,12608,10752,10737,7939,12021,,168802,,4764,5143,6925,9575,11323,12813,14699,14607,12250,10538,10555,7760,11520,,132472,,301274
E10000007,Derbyshire,E07000035,Derbyshire Dales,3675,2427,2597,2740,3275,4224,5563,6098,5498,4975,5452,4112,5297,,55933,,928,756,901,1059,2351,3551,5407,5975,5417,4921,5405,4051,5104,,45826,,101759
E08000017,Doncaster,E08000017,Doncaster,15130,12564,14947,15480,15017,16545,20065,20952,18852,16066,16038,11435,15526,,208617,,4902,5201,8004,9669,12601,14619,19004,20173,18376,15827,15852,11260,15024,,170512,,379129
E06000059,Dorset,E06000059,Dorset,18361,12803,14502,15323,16614,19912,25183,28305,27610,26123,29706,22593,32006,,289041,,5456,4811,6674,8458,12956,17823,24344,27584,27102,25745,29337,22272,30977,,243539,,532580
E10000016,Kent,E07000108,Dover,5534,4485,5098,5198,5343,6004,7483,8292,7677,7124,7390,5534,7033,,82195,,1771,1798,2225,2395,3268,4662,7113,7971,7443,6979,7253,5423,6697,,64998,,147193
E08000027,Dudley,E08000027,Dudley,15113,12520,14993,15684,15813,17882,21659,20901,17602,16080,16522,13546,18146,,216461,,5172,5045,6668,8207,11086,14731,20638,20166,17161,15776,16268,13257,17490,,171665,,388126
E09000009,Ealing,E09000009,Ealing,17139,17642,21220,22861,23748,22426,21713,19615,15947,12624,10723,7496,10931,,224085,,4643,5444,7373,9275,14037,16566,19605,18179,15075,12081,10383,7236,10411,,150308,,374393
E10000003,Cambridgeshire,E07000009,East Cambridgeshire,4457,3588,4449,5092,5395,5838,6259,6032,5191,4622,4925,3572,4961,,64381,,1326,1118,1468,2248,4205,5280,6086,5902,5104,4578,4872,3528,4825,,50540,,114921
E10000008,Devon,E07000040,East Devon,6407,4850,5560,6186,6546,7828,9726,10317,10029,9991,11588,9239,13499,,111766,,1869,1684,1991,2399,4131,6064,9434,10050,9854,9874,11473,9141,13091,,91055,,202821
E10000014,Hampshire,E07000085,East Hampshire,6404,4635,5456,5879,6732,7744,9144,9494,8511,7085,7604,5809,8123,,92620,,1848,1496,1919,2532,4872,7042,8884,9296,8378,6990,7528,5715,7828,,74328,,166948
E10000015,Hertfordshire,E07000242,East Hertfordshire,7819,6286,7172,8081,9064,10147,10927,10667,8783,7025,7384,5179,7565,,106099,,2108,1920,2407,3361,6205,8719,10630,10427,8610,6928,7278,5091,7306,,80990,,187089
E10000019,Lincolnshire,E07000137,East Lindsey,5985,4601,5318,5236,5521,7082,9572,11107,11080,10867,12016,9091,10722,,108198,,1766,1730,2341,2804,4391,6219,9148,10771,10821,10658,11823,8830,10262,,91564,,199762
E06000011,East Riding of Yorkshire,E06000011,East Riding of Yorkshire,16026,12455,13839,14877,15972,19725,24111,25958,24071,22556,25032,17776,24029,,256427,,4675,4341,5298,6358,10199,15878,23297,25344,23689,22242,24745,17486,23252,,206804,,463231
E10000028,Staffordshire,E07000193,East Staffordshire,5639,4808,5722,6014,6178,6864,8234,8220,7255,5980,6094,4643,6047,,81698,,1732,1656,2014,2431,4007,6146,7859,7947,7077,5882,6009,4556,5828,,63144,,144842
E10000029,Suffolk,E07000244,East Suffolk,12453,9291,10223,10566,11288,13631,16732,17914,17158,16154,18374,13886,19073,,186743,,3888,3509,4379,4891,7225,11038,16218,17511,16873,15905,18147,13678,18457,,151719,,338462
E10000011,East Sussex,E07000061,Eastbourne,5218,3873,4545,4705,5068,5548,6395,6701,6023,5500,6297,4750,7606,,72229,,1878,1747,2138,2657,3709,4736,6026,6412,5830,5380,6187,4654,7256,,58610,,130839
E10000014,Hampshire,E07000086,Eastleigh,6112,5726,7159,7673,8044,8120,8989,9006,7874,6817,6939,5084,7447,,94990,,1937,2020,2778,3322,5102,6734,8719,8801,7729,6713,6844,4984,7153,,72836,,167826
E10000006,Cumbria,E07000030,Eden,2814,1991,2156,2301,2401,2995,3997,4488,4166,3726,3875,2749,3754,,41413,,718,606,658,732,1638,2461,3887,4384,4101,3678,3829,2706,3646,,33044,,74457
E10000030,Surrey,E07000207,Elmbridge,6839,4837,5903,7800,9925,10349,10139,9400,7452,6080,6174,4676,7549,,97123,,1503,1383,1717,2678,7118,8921,9796,9098,7285,5963,6061,4576,7247,,73346,,170469
E09000010,Enfield,E09000010,Enfield,15444,11688,14049,16591,18628,18285,19284,18576,15304,11745,10357,7605,11910,,189466,,6664,7486,9816,13050,15627,16118,17897,17556,14696,11373,10065,7318,11229,,158895,,348361
E10000012,Essex,E07000072,Epping Forest,5606,4574,5681,6425,7111,7540,9101,9230,7763,6487,6799,5088,7325,,88730,,1752,1637,2138,2701,4630,5962,8657,8837,7536,6346,6703,4996,7014,,68909,,157639
E10000030,Surrey,E07000208,Epsom and Ewell,4332,3073,3737,4733,5512,5615,5535,5285,4238,3514,3890,2838,4146,,56448,,1136,1036,1305,1884,3781,4620,5321,5120,4143,3436,3821,2798,3999,,42400,,98848
E10000007,Derbyshire,E07000036,Erewash,5996,5039,5679,5756,5855,6790,8289,8181,6825,5943,6315,4769,6232,,81669,,1593,1586,2169,2907,4548,5780,8002,7959,6673,5869,6235,4707,6044,,64072,,145741
E10000008,Devon,E07000041,Exeter,15127,6603,6969,7051,6558,6568,7339,7056,6106,5363,5544,4158,6344,,90786,,3561,2351,2558,2744,4383,5204,7042,6843,5964,5267,5465,4094,6121,,61597,,152383
E10000014,Hampshire,E07000087,Fareham,5607,4248,5290,5477,5876,6707,7955,8629,7723,6461,7264,5688,8241,,85166,,1559,1514,1982,2216,4826,6184,7741,8450,7594,6362,7153,5595,7956,,69132,,154298
E10000003,Cambridgeshire,E07000010,Fenland,5061,4073,4667,4728,4749,5440,6827,7100,6328,5958,6187,4689,6212,,72019,,1455,1318,1617,1855,2814,4340,6527,6896,6193,5863,6101,4601,5940,,55520,,127539
E10000016,Kent,E07000112,Folkestone and Hythe,5147,4061,4642,4891,5361,5966,7388,7954,7179,6645,7537,5452,7149,,79372,,1624,1549,1743,2082,3626,4888,7060,7672,6987,6523,7425,5346,6854,,63379,,142751
E10000013,Gloucestershire,E07000080,Forest of Dean,4479,3023,3429,3386,3434,4299,5675,6291,5591,5100,5366,3985,4981,,59039,,1159,946,1505,1940,2564,3831,5439,6085,5462,5031,5299,3928,4817,,48006,,107045
E10000017,Lancashire,E07000119,Fylde,3785,2694,3117,3460,3531,4229,5581,6275,5965,5311,5869,4607,6415,,60839,,1419,1218,1573,2027,2908,3824,5377,6116,5862,5233,5806,4545,6194,,52102,,112941
E08000037,Gateshead,E08000037,Gateshead,9869,8664,10093,10759,10546,10952,13029,13672,12214,10374,10553,7320,11046,,139091,,2971,3165,4008,4748,6744,8364,12362,13202,11894,10179,10387,7167,10589,,105780,,244871
E10000024,Nottinghamshire,E07000173,Gedling,5289,4658,5664,6018,6369,6833,8226,8265,7103,6420,6811,4852,6859,,83367,,1713,1706,2129,2680,4098,5915,7926,8014,6965,6307,6715,4787,6593,,65548,,148915
E10000013,Gloucestershire,E07000081,Gloucester,7515,6013,6975,7231,7057,7365,8582,8535,7215,5751,5632,4411,5971,,88253,,2194,2054,3029,3649,5150,6451,8151,8196,7008,5618,5529,4332,5759,,67120,,155373
E10000014,Hampshire,E07000088,Gosport,3588,3101,3751,4013,3889,4391,5393,5702,5185,4415,4726,3404,4739,,56297,,1298,1256,1651,1915,2675,3773,5177,5529,5062,4334,4665,3353,4584,,45272,,101569
E10000016,Kent,E07000109,Gravesham,4515,3861,4849,5482,5665,5946,6877,6767,5519,4711,4763,3543,5115,,67613,,1570,1504,1929,2410,3656,4592,6535,6503,5381,4612,4686,3467,4943,,51788,,119401
E10000020,Norfolk,E07000145,Great Yarmouth,4895,3878,4412,4422,4611,5353,6633,6980,6439,5996,6525,4937,6195,,71276,,1624,1563,1894,2132,3250,4365,6268,6696,6245,5882,6419,4843,5972,,57153,,128429
E09000011,Greenwich,E09000011,Greenwich,10209,13164,17978,18436,18049,15919,15834,14191,11300,8601,7583,5298,6971,,163533,,2927,4046,6851,9354,13161,13149,14447,13213,10691,8230,7325,5135,6632,,115161,,278694
E10000030,Surrey,E07000209,Guildford,10444,6663,6913,7301,8189,8965,9234,9352,7622,6328,6497,4794,7275,,99577,,2448,1849,2161,2802,6361,8055,8961,9119,7457,6228,6432,4733,7058,,73664,,173241
E09000012,Hackney,E09000012,Hackney,9393,19096,23752,19125,15432,12805,12591,11452,8844,6431,4919,3143,4200,,151183,,2664,5446,8077,7204,9792,9688,11271,10413,8235,6101,4699,2999,3915,,90504,,241687
E06000006,Halton,E06000006,Halton,6068,4891,6018,6763,6655,7417,8491,8759,7911,7034,6953,4239,5232,,86431,,2221,2079,3156,4080,4490,5930,8022,8415,7719,6913,6843,4130,5045,,69043,,155474
E10000023,North Yorkshire,E07000164,Hambleton,4026,3118,3385,3619,4077,4784,6505,7459,6723,6105,6616,4884,6702,,68003,,1020,885,1086,1356,3319,4473,6328,7297,6612,6046,6561,4827,6519,,56329,,124332
E09000013,Hammersmith and Fulham,E09000013,Hammersmith and Fulham,10080,15834,14773,11739,10526,10238,10295,8908,6567,5121,4619,3241,4394,,116335,,2944,4744,5202,5271,7278,8281,9371,8212,6124,4873,4452,3104,4150,,74006,,190341
E10000018,Leicestershire,E07000131,Harborough,4927,3423,4097,4561,5132,6103,7142,7103,6086,5341,5694,4302,5571,,69482,,1470,1176,1767,2631,3912,5404,6936,6928,5986,5264,5642,4235,5375,,56726,,126208
E09000014,Haringey,E09000014,Haringey,9913,13942,17271,17223,16404,15730,15294,13890,10534,7924,6560,4464,6169,,155318,,2467,3863,6274,9489,11273,13270,13906,12857,9898,7577,6356,4274,5787,,107291,,262609
E10000012,Essex,E07000073,Harlow,3939,3526,4757,5254,5249,4888,5524,5499,4668,3812,3326,2369,3708,,56519,,1118,1342,1854,2215,3499,3802,5172,5249,4504,3713,3268,2318,3555,,41609,,98128
E10000023,North Yorkshire,E07000165,Harrogate,6982,5689,6778,7611,8608,9982,12011,12414,10903,9315,10077,7361,10870,,118601,,2257,1955,2446,3119,7250,9126,11576,12075,10676,9165,9958,7235,10536,,97374,,215975
E09000015,Harrow,E09000015,Harrow,12545,11430,13684,16061,16066,14247,14192,14081,12801,10834,9435,7082,10989,,163447,,4238,4962,6308,9607,11459,11456,13330,13368,12381,10547,9198,6877,10536,,124267,,287714
E10000014,Hampshire,E07000089,Hart,5447,3750,4652,5412,6132,7003,7090,7043,5630,4623,5150,4088,5584,,71604,,1381,1251,2082,2754,4756,6367,6933,6896,5562,4575,5097,4016,5429,,57099,,128703
E06000001,Hartlepool,E06000001,Hartlepool,4178,3355,4016,4348,4302,4864,6196,6802,6056,5119,4984,3209,4664,,62093,,1373,1362,1733,1920,2523,3598,5847,6544,5889,5029,4925,3157,4534,,48434,,110527
E10000011,East Sussex,E07000062,Hastings,3795,3235,4028,4252,4471,4881,6155,6368,5449,4927,4934,3418,4431,,60344,,1113,1242,1586,1767,2615,3744,5752,6046,5283,4779,4812,3332,4230,,46301,,106645
E10000014,Hampshire,E07000090,Havant,5957,4931,5755,5850,5769,6620,8414,8985,8458,7289,7751,5974,8718,,90471,,2098,2000,2615,2909,5034,6087,8129,8742,8280,7180,7645,5843,8446,,75008,,165479
E09000016,Havering,E09000016,Havering,11735,9882,12066,13673,13674,13758,15675,15848,14043,11271,11754,8509,13169,,165057,,3405,3669,4654,5991,7960,10390,14808,15209,13625,10993,11584,8325,12632,,123245,,288302
E06000019,"Herefordshire, County of",E06000019,"Herefordshire, County of",8529,6477,7804,7947,8118,9825,12584,13724,12931,11929,12537,9476,13099,,134980,,2647,2362,2873,3132,4028,6143,12042,13300,12614,11759,12367,9322,12606,,105195,,240175
E10000015,Hertfordshire,E07000098,Hertsmere,5821,4316,4866,5926,6530,6712,6990,7096,5776,4687,4843,3649,5676,,72888,,2051,1809,2282,3879,5487,6006,6669,6863,5637,4603,4767,3564,5461,,59078,,131966
E10000007,Derbyshire,E07000037,High Peak,4951,3750,4473,4626,4762,5505,6990,7358,6453,5410,5502,3971,4793,,68544,,1434,1284,1881,2455,4129,5040,6757,7190,6352,5342,5434,3906,4627,,55831,,124375
E09000017,Hillingdon,E09000017,Hillingdon,16449,13349,16460,19414,19521,17755,18131,17059,14176,11159,10018,7258,11416,,192165,,5026,4569,6227,10042,12995,14077,17005,16281,13692,10860,9798,7074,11010,,138656,,330821
E10000018,Leicestershire,E07000132,Hinckley and Bosworth,5131,4535,5351,5805,5913,6719,8061,7938,7107,6502,7076,5165,6404,,81707,,1742,1758,2117,2578,3663,5194,7747,7735,6982,6394,6973,5092,6230,,64205,,145912
E10000032,West Sussex,E07000227,Horsham,7258,5656,6595,7366,8107,8859,10436,10904,9434,8133,8745,6654,9499,,107646,,2128,2051,2986,3863,6216,7692,10132,10647,9275,8032,8642,6551,9217,,87432,,195078
E09000018,Hounslow,E09000018,Hounslow,13473,13200,17383,19783,19748,17861,16882,15043,12512,9940,8469,5839,7965,,178098,,3710,4362,6129,8124,12377,13319,15441,14060,11907,9591,8196,5646,7608,,120470,,298568
E10000003,Cambridgeshire,E07000011,Huntingdonshire,9228,7605,9292,9715,10067,11147,12602,12565,10850,9400,10074,7451,9236,,129232,,2675,2665,3402,3887,7234,9398,12246,12273,10650,9270,9948,7312,8913,,99873,,229105
E10000017,Lancashire,E07000120,Hyndburn,3645,2958,3655,3727,3744,4303,5231,5175,4526,3852,4067,2944,3600,,51427,,1040,1152,1429,1646,2268,3155,4831,4896,4364,3761,3993,2868,3432,,38835,,90262
E10000029,Suffolk,E07000202,Ipswich,6786,6410,7700,7915,7804,7819,8409,8070,6981,6016,5844,4146,6432,,90332,,2670,2822,4252,4655,4951,6002,8054,7776,6811,5904,5717,4043,6145,,69802,,160134
E06000046,Isle of Wight,E06000046,Isle of Wight,5998,4617,5286,5313,5880,6925,9371,10361,9969,9923,10887,8507,10585,,103622,,2351,2212,2830,3155,4273,5667,8921,9961,9736,9729,10665,8338,10106,,87944,,191566
E06000053,Isles of Scilly,E06000053,Isles of Scilly,113,104,113,132,130,112,146,162,124,118,141,127,167,,1689,,82,74,84,117,118,110,143,156,123,117,139,125,162,,1550,,3239
E09000019,Islington,E09000019,Islington,11427,18958,21476,15782,12511,10826,11260,10460,8002,5955,5150,3452,4556,,139815,,3040,5415,7148,5931,8228,8553,10197,9637,7472,5665,4933,3317,4317,,83853,,223668
E09000020,Kensington and Chelsea,E09000020,Kensington and Chelsea,6505,7926,8754,8097,7826,8073,8556,8272,6417,5137,4854,3689,4861,,88967,,1987,2711,4081,4512,5932,6762,7850,7675,6027,4920,4664,3530,4593,,65244,,154211
E10000020,Norfolk,E07000146,King's Lynn and West Norfolk,6933,5703,6520,6563,6766,8040,9847,10771,9969,9419,10473,8106,10928,,110038,,2146,2033,2566,2880,4076,6310,9475,10480,9754,9275,10367,7994,10596,,87952,,197990
E06000010,"Kingston upon Hull, City of",E06000010,"Kingston upon Hull, City of",13588,11903,13752,13791,12730,14051,15564,16110,14069,11649,11018,6974,9976,,165175,,4577,4799,5472,6478,7986,10988,14677,15446,13663,11381,10805,6798,9617,,122687,,287862
E09000021,Kingston upon Thames,E09000021,Kingston upon Thames,9991,8643,9803,10758,11821,11484,10815,9727,7880,6474,6378,4429,6296,,114499,,2468,2718,3217,3844,7126,9093,10267,9326,7660,6320,6245,4333,6080,,78697,,193196
E08000034,Kirklees,E08000034,Kirklees,24306,17075,20283,22192,22864,24923,28413,26920,23385,20178,20725,14611,19144,,285019,,7412,6887,10917,13621,16480,20337,26873,26002,22783,19764,20372,14359,18428,,224235,,509254
E08000011,Knowsley,E08000011,Knowsley,6380,5602,6900,7239,6876,7571,9837,11034,10079,7894,6687,4316,6466,,96881,,2559,2720,3530,3981,4619,6017,9135,10435,9686,7674,6527,4183,6147,,77213,,174094
E09000022,Lambeth,E09000022,Lambeth,14594,31599,29270,21540,18903,17369,17064,15647,11692,8158,6340,4212,6172,,202560,,3892,8567,9947,10832,14360,14511,15473,14351,10878,7684,6031,4014,5743,,126283,,328843
E10000017,Lancashire,E07000121,Lancaster,14000,6140,6469,6915,6751,7236,8928,9464,8541,7600,7855,5706,7935,,103540,,4916,3288,3928,4799,5642,6285,8602,9192,8370,7485,7748,5618,7653,,83526,,187066
E08000035,Leeds,E08000035,Leeds,52468,40193,44120,45138,43726,43763,46758,45471,38975,32526,33571,23535,34483,,524727,,15998,13840,17325,20679,28442,34842,44303,43844,37955,31889,33016,23071,33329,,378533,,903260
E06000016,Leicester,E06000016,Leicester,25218,16816,18491,20457,20256,19508,19536,18050,16199,13354,10864,7119,10633,,216501,,8509,7160,8818,10717,13822,15502,17890,16943,15453,12890,10525,6838,9952,,155019,,371520
E10000011,East Sussex,E07000063,Lewes,4807,3304,4080,4524,4903,5727,6923,7174,6480,6183,6783,5175,7656,,73719,,1456,1159,1513,1978,3438,4707,6648,6931,6341,6090,6694,5102,7399,,59456,,133175
E09000023,Lewisham,E09000023,Lewisham,9823,15464,20632,20313,18501,16597,16298,15400,11695,8052,6423,4664,6890,,170752,,2842,4684,7082,9858,13333,13639,14736,14169,10928,7673,6156,4451,6492,,116043,,286795
E10000028,Staffordshire,E07000194,Lichfield,5026,4150,4608,4953,5322,6307,7611,7569,6456,5991,6804,5716,6549,,77062,,1426,1392,1708,2218,3849,5526,7340,7376,6314,5911,6705,5626,6338,,61729,,138791
E10000019,Lincolnshire,E07000138,Lincoln,10891,5144,5148,4861,4593,4776,5374,5614,4720,3983,3918,2774,4077,,65873,,2580,1782,2067,2164,3155,3846,5129,5410,4579,3911,3839,2724,3901,,45087,,110960
E08000012,Liverpool,E08000012,Liverpool,31076,22009,23689,23918,22355,22318,26138,28790,26264,21464,19368,12892,18305,,298586,,11350,10044,11792,13460,15812,17577,23901,26846,24986,20745,18743,12295,17016,,224567,,523153
E06000032,Luton,E06000032,Luton,9658,8294,10082,11370,12131,11290,11658,10984,8994,7135,6099,4643,7158,,119496,,3160,2911,3734,4772,6620,7512,10503,10167,8505,6809,5893,4466,6838,,81890,,201386
E10000016,Kent,E07000110,Maidstone,7598,6658,8212,8914,9398,10268,11613,11248,9572,8265,9056,6578,8992,,116372,,2310,2351,3081,3633,5848,7742,11094,10886,9367,8129,8904,6423,8620,,88388,,204760
E10000012,Essex,E07000074,Maldon,3151,2254,2511,2714,2974,3771,5005,5061,4655,4121,4597,3411,4258,,48483,,873,717,832,973,1841,3111,4829,4901,4562,4053,4520,3356,4128,,38696,,87179
E10000034,Worcestershire,E07000235,Malvern Hills,3854,2648,3060,3204,3697,4336,5639,6195,5794,5306,5910,4442,6297,,60382,,1199,965,1183,1428,2420,3527,5422,6013,5670,5224,5827,4365,6051,,49294,,109676
E08000003,Manchester,E08000003,Manchester,40767,33382,33904,32502,29344,26606,27319,24288,20107,15535,13288,8849,12124,,318015,,13125,12487,15211,17442,19271,20238,24590,22370,18859,14848,12768,8487,11412,,211108,,529123
E10000024,Nottinghamshire,E07000174,Mansfield,5015,4522,5385,5841,5497,5988,7322,7690,6764,5779,5620,4263,5316,,75002,,1914,1900,2416,2918,3669,5074,7028,7442,6609,5684,5514,4184,5045,,59397,,134399
E06000035,Medway,E06000035,Medway,12886,10670,13530,14436,15174,15396,17423,17662,14958,12442,12633,8756,11001,,176967,,3806,3764,5120,6287,10196,12035,16387,16928,14514,12141,12380,8566,10507,,132631,,309598
E10000018,Leicestershire,E07000133,Melton,2597,2037,2215,2250,2522,2920,3897,4152,3519,3190,3388,2420,3086,,38193,,757,657,902,1195,1567,2560,3768,4034,3455,3157,3356,2395,3006,,30809,,69002
E10000027,Somerset,E07000187,Mendip,5816,4257,4937,5158,5578,6630,8304,8500,7486,6922,7369,5385,7397,,83739,,2054,1851,2377,2698,3768,5018,8030,8262,7344,6814,7277,5319,7156,,67968,,151707
E09000024,Merton,E09000024,Merton,9352,11399,13949,14872,14858,13438,12898,11539,9524,7441,6675,4577,7083,,137605,,2657,3370,4445,6249,9385,10408,11969,10850,9086,7215,6467,4403,6659,,93163,,230768
E10000008,Devon,E07000042,Mid Devon,4143,3148,3592,3982,4091,4661,5856,6093,5505,5044,5306,3988,5290,,60699,,1104,995,1170,1536,2691,3697,5645,5925,5396,4976,5249,3895,5058,,47337,,108036
E10000029,Suffolk,E07000203,Mid Suffolk,5351,4035,4478,4659,4809,5903,7257,7774,7088,6592,7138,5187,6740,,77011,,2149,1649,2028,2276,3025,4604,7079,7610,7001,6503,7075,5133,6519,,62651,,139662
E10000032,West Sussex,E07000228,Mid Sussex,7497,5736,7336,8449,9258,10007,10648,10139,8539,7598,8009,6299,8945,,108460,,1971,1745,2273,2953,6653,8484,10369,9914,8391,7510,7911,6216,8627,,83017,,191477
E06000002,Middlesbrough,E06000002,Middlesbrough,6346,6019,7207,7449,6964,7192,8198,9028,8416,6988,6268,4243,6115,,90433,,2509,2514,3291,3648,5220,5830,7632,8634,8142,6813,6145,4143,5830,,70351,,160784
E06000042,Milton Keynes,E06000042,Milton Keynes,12645,11391,14886,17499,18519,17577,17606,15979,13774,11776,10902,7062,8818,,178434,,3318,3266,4857,7270,12494,13978,16484,15259,13338,11545,10712,6939,8513,,127973,,306407
E10000030,Surrey,E07000210,Mole Valley,4288,3355,3446,4078,4921,5679,6509,6693,5777,5012,5067,4121,6282,,65228,,1068,997,1114,1495,3377,4615,6285,6540,5659,4927,4996,4065,6060,,51198,,116426
E10000014,Hampshire,E07000091,New Forest,8577,6299,7128,7579,8148,9581,12048,13492,12449,11891,13276,10315,15555,,136338,,2474,2205,2810,3385,5994,8281,11696,13223,12223,11732,13124,10162,15061,,112370,,248708
E10000024,Nottinghamshire,E07000175,Newark and Sherwood,5999,4748,5334,5564,5809,6951,8565,8871,7911,7009,7552,5608,7080,,87001,,1933,1724,2044,2384,3718,6002,8278,8661,7727,6891,7444,5505,6763,,69074,,156075
E08000021,Newcastle upon Tyne,E08000021,Newcastle upon Tyne,26040,16521,16083,15910,14405,14222,15477,16393,14903,12256,11586,7729,12038,,193563,,6811,5598,6124,6825,8779,10463,14323,15488,14292,11869,11319,7509,11477,,130877,,324440
E10000028,Staffordshire,E07000195,Newcastle-under-Lyme,8875,5122,5882,6117,6215,6979,8486,8455,7724,6712,7206,5301,7293,,90367,,2772,1992,2429,2873,4310,5894,8205,8231,7560,6577,7084,5183,7066,,70176,,160543
E09000025,Newham,E09000025,Newham,16262,19645,23706,23459,21309,18356,17043,14290,11538,8266,5801,3674,5196,,188545,,4655,6234,8972,13281,13618,13438,15115,12885,10589,7781,5539,3480,4812,,120399,,308944
E10000008,Devon,E07000043,North Devon,4591,3586,4171,4166,4597,5421,6829,7421,6900,6149,6790,5243,6944,,72808,,1162,1126,1350,1475,2459,3593,6512,7165,6751,6061,6700,5183,6733,,56270,,129078
E10000007,Derbyshire,E07000038,North East Derbyshire,5356,4332,4648,4859,5086,5874,7355,7505,6905,6278,6749,5414,6558,,76919,,1931,2008,2331,2694,4372,5435,7114,7324,6788,6192,6643,5302,6305,,64439,,141358
E06000012,North East Lincolnshire,E06000012,North East Lincolnshire,6954,5763,7339,7418,7082,8388,10237,11157,9738,8447,8658,6166,8994,,106341,,2152,2155,2976,3281,3884,6352,9673,10786,9495,8305,8518,6004,8674,,82255,,188596
E10000015,Hertfordshire,E07000099,North Hertfordshire,6183,5643,6793,7645,8432,8802,9073,9107,7556,6397,6620,4943,7609,,94803,,1680,1734,2134,2681,5788,7408,8754,8868,7423,6272,6536,4850,7309,,71437,,166240
E10000019,Lincolnshire,E07000139,North Kesteven,6202,4760,5243,5328,5472,6621,8301,8638,7391,6523,7447,5771,7459,,85156,,1774,1726,2027,2632,4609,6114,8079,8458,7278,6450,7365,5691,7239,,69442,,154598
E06000013,North Lincolnshire,E06000013,North Lincolnshire,8069,6451,7805,8185,8025,9295,11753,12356,10997,9767,10028,7206,9556,,119493,,2387,2420,3088,3856,5925,7959,11250,11980,10763,9630,9893,7084,9242,,95477,,214970
E10000020,Norfolk,E07000147,North Norfolk,4115,3259,3569,3796,3946,5017,6576,7595,8117,8020,9242,6912,9646,,79810,,1199,1105,1293,1468,2077,3632,6305,7401,7959,7904,9121,6795,9330,,65589,,145399
E06000061,North Northamptonshire,E06000061,North Northamptonshire,16458,13365,16494,17802,18741,20669,23965,23202,19472,17286,17887,12907,15807,,234055,,4428,4437,6033,7736,11258,16104,22808,22407,19005,16952,17601,12623,15213,,176605,,410660
E06000024,North Somerset,E06000024,North Somerset,11650,8348,9835,11086,12028,13165,14814,15224,13172,12273,13716,10671,14804,,160786,,3228,2723,3450,4812,8360,11375,14302,14823,12934,12131,13569,10505,14403,,126615,,287401
E08000022,North Tyneside,E08000022,North Tyneside,10479,8855,10970,12061,12220,12526,13861,14567,13159,11836,11573,7783,11182,,151072,,2940,3093,4175,5184,8358,10418,13055,13999,12762,11633,11411,7630,10756,,115414,,266486
E10000031,Warwickshire,E07000218,North Warwickshire,3197,2504,3175,3141,3109,3849,4848,4845,4332,3692,3912,2940,3634,,47178,,1001,890,1226,1528,2200,3469,4679,4743,4252,3648,3849,2902,3513,,37900,,85078
E10000018,Leicestershire,E07000134,North West Leicestershire,5558,4280,5021,5390,5535,6544,7622,7333,6248,5577,5949,4296,4962,,74315,,1619,1462,1879,3118,3970,5645,7319,7128,6137,5493,5865,4236,4802,,58673,,132988
E06000057,Northumberland,E06000057,Northumberland,16618,12408,13728,14943,15531,17975,21896,24659,23858,21972,22572,15673,20296,,242129,,4996,4684,6140,7598,11547,15081,20918,23892,23382,21667,22305,15436,19529,,197175,,439304
E10000020,Norfolk,E07000148,Norwich,14605,8628,8951,8460,7699,7454,7694,7289,6208,5656,5526,4018,5927,,98115,,4481,2925,3146,3364,4814,5775,7278,7002,6009,5534,5440,3938,5768,,65474,,163589
E06000018,Nottingham,E06000018,Nottingham,33964,15514,15765,14978,14154,14500,15705,15324,12781,10298,9415,6659,10132,,189189,,8313,4993,5604,6016,7913,10885,14522,14459,12158,9969,9151,6439,9566,,119988,,309177
E10000031,Warwickshire,E07000219,Nuneaton and Bedworth,6487,5576,6908,6851,6866,7598,8966,8790,7565,6692,6844,5232,6357,,90732,,2070,1940,2669,2883,4648,6252,8502,8468,7361,6535,6721,5096,6109,,69254,,159986
E10000018,Leicestershire,E07000135,Oadby and Wigston,3929,2297,2589,2875,3083,3146,3629,3754,3392,2846,2990,2343,3878,,40751,,1374,1066,1373,1782,2459,2797,3465,3631,3296,2803,2932,2297,3684,,32959,,73710
E08000004,Oldham,E08000004,Oldham,10667,8185,10463,11517,12040,12735,14619,13994,11936,10413,10367,7431,9365,,143732,,4234,3560,4907,5865,7200,9420,13378,13134,11461,10050,10115,7236,8964,,109524,,253256
E10000025,Oxfordshire,E07000178,Oxford,20381,12730,10879,9416,8622,7972,7996,7569,6168,4935,4670,3473,5213,,110024,,4162,3629,3611,3425,4726,5806,7463,7173,5922,4795,4561,3285,4860,,63418,,173442
E10000017,Lancashire,E07000122,Pendle,4149,3024,4094,4735,4527,4867,5560,5608,5249,4551,4773,3202,4130,,58469,,1070,990,1563,2219,2534,3283,5084,5301,5001,4384,4654,3117,3979,,43179,,101648
E06000031,Peterborough,E06000031,Peterborough,8578,8002,10333,11734,11734,11535,12122,11328,9669,8169,7850,5555,8137,,124746,,2336,2504,3397,4379,6461,8706,11338,10779,9316,7929,7664,5431,7737,,87977,,212723
E06000026,Plymouth,E06000026,Plymouth,18626,12573,13785,13791,13147,14160,16369,16592,14783,12474,12868,9671,13161,,182000,,5943,4758,5584,5984,8375,11768,15686,16029,14461,12265,12694,9500,12680,,135727,,317727
E06000044,Portsmouth,E06000044,Portsmouth,14877,10412,11541,11671,10629,10806,12445,12320,10187,8079,7965,5840,8308,,135080,,4673,4520,5519,5904,7624,9353,11855,11904,9909,7923,7808,5688,7963,,100643,,235723
E10000017,Lancashire,E07000123,Preston,11167,7317,7560,7616,7635,7949,8710,8665,7344,5898,5543,3945,5804,,95153,,5084,3818,4560,5050,5981,6910,8203,8286,7112,5743,5432,3859,5557,,75595,,170748
E06000038,Reading,E06000038,Reading,10407,9448,11444,11543,10901,9952,9726,8819,7025,5578,5152,3890,5756,,109641,,2276,2577,3202,3738,6267,6676,9028,8380,6767,5409,5007,3791,5546,,68664,,178305
E09000026,Redbridge,E09000026,Redbridge,14750,12618,16369,19443,19514,17353,16779,15407,13233,10600,9221,6358,9907,,181552,,5308,5334,8616,10999,13050,13426,15316,14393,12568,10242,8916,6132,9422,,133722,,315274
E06000003,Redcar and Cleveland,E06000003,Redcar and Cleveland,5631,4830,5748,6095,6295,7275,9336,10274,9208,8139,8495,6251,8204,,95781,,2419,2294,3183,3534,4479,5816,8878,9917,8985,7989,8390,6149,7929,,79962,,175743
E10000034,Worcestershire,E07000236,Redditch,4046,3465,4221,4456,4704,4789,5364,5211,4852,4670,4622,3109,3486,,56995,,1437,1423,1817,2097,3237,4091,5083,5004,4715,4590,4567,3036,3341,,44438,,101433
E10000030,Surrey,E07000211,Reigate and Banstead,7038,6008,7795,8867,9614,9705,9890,9893,8091,6611,6925,5026,7769,,103232,,1961,1962,2738,3359,6993,8256,9551,9614,7925,6501,6829,4944,7467,,78100,,181332
E10000017,Lancashire,E07000124,Ribble Valley,3389,2128,2530,2725,2972,3635,4716,4949,4449,3725,3973,2998,3985,,46174,,1354,919,1295,1697,2276,3109,4544,4822,4377,3686,3940,2957,3833,,38809,,84983
E09000027,Richmond upon Thames,E09000027,Richmond upon Thames,9742,8435,10085,12181,14527,14807,14144,12830,10016,8099,8461,6027,8026,,137380,,2207,2341,3407,5597,9895,12458,13488,12329,9696,7910,8280,5899,7705,,101212,,238592
E10000023,North Yorkshire,E07000166,Richmondshire,2108,1638,1901,1968,2057,2532,3411,3665,3524,3064,3197,2257,2940,,34262,,470,433,585,697,1291,2069,3267,3555,3443,3018,3149,2232,2854,,27063,,61325
E08000005,Rochdale,E08000005,Rochdale,10562,8104,10454,11345,11482,12012,13825,13474,11893,10410,10061,6818,8559,,138999,,3735,3445,4758,5778,7153,9172,12492,12518,11274,10006,9766,6542,8041,,104680,,243679
E10000012,Essex,E07000075,Rochford,4454,3350,3716,4144,4564,5205,6327,6193,5345,4655,5438,4087,5597,,63075,,1317,1091,1440,1824,3441,4527,6121,6007,5233,4588,5349,4031,5397,,50366,,113441
E10000017,Lancashire,E07000125,Rossendale,3228,2519,3202,3384,3618,4118,4995,4925,4220,3693,3819,2552,3080,,47353,,1112,1085,1520,1863,2559,3273,4683,4733,4097,3613,3768,2495,2949,,37750,,85103
E10000011,East Sussex,E07000064,Rother,4023,2830,3113,3320,3663,4548,6094,6988,6809,6620,8118,6169,8742,,71037,,1232,1054,1213,1355,2138,3340,5853,6790,6670,6527,8003,6078,8474,,58727,,129764
E08000018,Rotherham,E08000018,Rotherham,14256,11454,13621,14006,13572,15279,18390,17834,15930,13710,13939,10468,13207,,185666,,4535,4544,7835,9375,11334,13760,17507,17239,15556,13489,13762,10282,12787,,152005,,337671
E10000031,Warwickshire,E07000220,Rugby,5201,4234,5441,5966,6225,6705,7434,7239,5977,4945,5291,4423,5726,,74807,,1314,1204,1587,2010,3847,5109,7144,7046,5839,4864,5225,4338,5515,,55042,,129849
E10000030,Surrey,E07000212,Runnymede,6167,3580,4158,4594,4979,5337,5500,5539,4558,3700,3772,2930,4571,,59385,,1214,1017,1316,1582,3564,4543,5287,5368,4440,3624,3715,2872,4407,,42949,,102334
E10000024,Nottinghamshire,E07000176,Rushcliffe,6938,4781,5525,6386,7011,7385,8259,8210,7036,6263,6728,5074,7169,,86765,,1806,1606,1947,2502,4772,6498,8024,8019,6914,6156,6655,4992,6907,,66798,,153563
E10000014,Hampshire,E07000092,Rushmoor,5059,5133,6456,6271,5862,5938,6534,6401,4901,3965,4126,3006,3817,,67469,,1316,1646,2236,2744,4663,5269,6303,6213,4753,3880,4045,2927,3664,,49659,,117128
E06000017,Rutland,E06000017,Rutland,2174,1291,1492,1614,1878,2195,2731,2724,2585,2405,2781,2104,2906,,28880,,570,590,714,1241,1564,1912,2665,2674,2553,2376,2759,2071,2832,,24521,,53401
E10000023,North Yorkshire,E07000167,Ryedale,2721,1992,2282,2352,2418,3044,3928,4423,4065,3847,4033,2999,4085,,42189,,603,532,676,847,2021,2755,3812,4325,4011,3794,3998,2962,3983,,34319,,76508
E08000006,Salford,E08000006,Salford,13509,14528,15439,14520,12812,12471,13919,13924,11888,9231,9644,6759,9347,,157991,,4124,5102,5945,6260,7344,8973,12763,13091,11283,8857,9368,6569,8873,,108552,,266543
E08000028,Sandwell,E08000028,Sandwell,14644,12126,15407,17357,17659,18563,20340,18777,15913,13101,12125,9361,13005,,198378,,5187,4849,6709,8342,11151,14112,18886,17794,15288,12756,11855,9104,12353,,148386,,346764
E10000023,North Yorkshire,E07000168,Scarborough,5101,4102,4819,4712,4700,5723,7161,8289,8082,7531,8083,5826,7843,,81972,,1557,1543,2311,2531,3698,4958,6871,8068,7912,7419,7994,5744,7616,,68222,,150194
E10000027,Somerset,E07000188,Sedgemoor,6498,4863,5533,5643,5785,6860,8762,9196,8080,7399,8113,5981,7945,,90658,,1693,1502,1907,2115,3080,4688,8374,8900,7873,7254,7899,5868,7618,,68771,,159429
E08000014,Sefton,E08000014,Sefton,12186,9365,11293,12370,12466,14335,18202,20318,18708,16108,15936,12095,18498,,191880,,4555,4097,5184,6473,8330,11518,17214,19407,18149,15766,15631,11808,17687,,155819,,347699
E10000023,North Yorkshire,E07000169,Selby,4606,3887,4719,4854,4861,5642,6657,6959,6109,5115,5365,3701,4472,,66947,,1198,1067,1538,2221,3693,4933,6476,6836,6028,5058,5314,3655,4378,,52395,,119342
E10000016,Kent,E07000111,Sevenoaks,5184,4002,4900,5867,6857,7497,8348,8318,7117,6219,6785,5140,7406,,83640,,1415,1232,1782,2388,4396,5916,8025,8100,6946,6113,6659,5058,7090,,65120,,148760
E08000019,Sheffield,E08000019,Sheffield,45245,28991,29393,28452,27966,29243,33943,32811,28419,24019,24091,18583,26304,,377460,,12798,10107,13022,15210,20679,24558,32268,31546,27640,23512,23718,18244,25396,,278698,,656158
E06000051,Shropshire,E06000051,Shropshire,15138,11386,13282,13616,14058,17479,22130,23852,21650,19816,20874,16426,21573,,231280,,5128,4399,5505,6216,9717,14522,21382,23273,21222,19542,20606,16207,20653,,188372,,419652
E06000039,Slough,E06000039,Slough,7025,5919,8535,10747,10935,9328,8457,7229,6158,4769,3644,2377,3745,,88868,,1910,1985,3550,5102,7861,7514,7690,6702,5827,4594,3512,2275,3581,,62103,,150971
E08000029,Solihull,E08000029,Solihull,10616,8148,9643,10893,11527,12741,14756,14873,12633,10651,11819,9319,13088,,150707,,3146,3340,4110,5932,9011,11446,14193,14482,12354,10485,11666,9152,12635,,121952,,272659
E10000027,Somerset,E07000246,Somerset West and Taunton,7746,6262,7160,7365,7378,8407,10302,11098,10373,9802,10415,8050,11487,,115845,,2739,2563,3070,3343,5013,6532,10018,10827,10180,9648,10247,7940,11143,,93263,,209108
E10000003,Cambridgeshire,E07000012,South Cambridgeshire,8095,6721,8270,9545,10637,11127,11344,10928,9096,7931,8402,6375,8846,,117317,,2103,2106,2659,3453,6779,9343,11021,10700,8948,7815,8265,6265,8566,,88023,,205340
E10000007,Derbyshire,E07000039,South Derbyshire,5744,4884,5584,5861,6002,6770,8034,7537,6181,5576,5541,3970,4706,,76390,,1884,1966,2670,3699,4397,5803,7819,7396,6076,5516,5492,3911,4567,,61196,,137586
E06000025,South Gloucestershire,E06000025,South Gloucestershire,18591,14246,15768,16287,16007,16667,19250,19225,15708,13202,13877,11229,15474,,205531,,4866,4344,5295,6630,10658,13171,18676,18741,15449,13031,13703,11083,14998,,150645,,356176
E10000008,Devon,E07000044,South Hams,4007,2718,3301,3512,3927,4550,6018,6894,6803,6232,6765,4944,6446,,66117,,1050,866,1142,1335,2505,3792,5770,6669,6659,6107,6683,4875,6235,,53688,,119805
E10000019,Lincolnshire,E07000140,South Holland,4171,3118,3638,3906,4261,5170,6181,6604,5773,5444,6118,4502,6281,,65167,,1276,1093,1421,1670,3108,4460,5942,6413,5657,5350,6038,4430,6054,,52912,,118079
E10000019,Lincolnshire,E07000141,South Kesteven,7441,5724,6351,6907,7478,8834,10256,10497,9402,8383,8975,6800,8579,,105627,,1946,1803,2103,2915,5917,7760,9920,10277,9248,8298,8881,6692,8276,,84036,,189663
E10000006,Cumbria,E07000031,South Lakeland,5218,3693,4149,4478,4686,5765,7408,8185,7757,6947,7761,5837,8076,,79960,,1428,1182,1458,1980,3379,4907,7167,8001,7644,6854,7685,5748,7807,,65240,,145200
E10000020,Norfolk,E07000149,South Norfolk,6775,5611,6595,7326,7503,8586,9696,10022,8977,8240,9278,7057,9466,,105132,,2099,2030,2525,3053,4815,6860,9441,9827,8852,8132,9204,6947,9196,,82981,,188113
E10000025,Oxfordshire,E07000179,South Oxfordshire,7739,6289,7446,8001,8550,9504,10822,10503,8748,7407,7781,6278,8746,,107814,,1685,1683,2350,3112,6151,7872,10528,10239,8594,7301,7704,6157,8478,,81854,,189668
E10000017,Lancashire,E07000126,South Ribble,5817,4341,5443,5545,5860,6814,7890,8151,6841,6185,6617,4684,6144,,80332,,2115,1915,2456,2738,4331,5874,7567,7913,6699,6094,6536,4621,5934,,64793,,145125
E10000027,Somerset,E07000189,South Somerset,8747,6621,7563,7488,7789,9185,11413,12280,11192,10651,11865,8851,11759,,125404,,2716,2524,3367,3503,5613,7496,11070,11985,11045,10464,11726,8718,11391,,101618,,227022
E10000028,Staffordshire,E07000196,South Staffordshire,5416,3950,4649,5056,4973,6075,7886,8400,7632,6678,7187,5912,7526,,81340,,1881,1502,2031,2560,3920,5572,7655,8223,7521,6589,7107,5823,7282,,67666,,149006
E08000023,South Tyneside,E08000023,South Tyneside,6711,5968,7563,7807,7392,7922,9782,10714,10140,8513,8206,5506,8095,,104319,,2051,2094,2818,3471,5726,6664,9227,10262,9853,8344,8092,5385,7817,,81804,,186123
E06000045,Southampton,E06000045,Southampton,19470,13520,13949,13876,13392,12705,12673,12748,11055,9208,8733,6501,8930,,156760,,5553,5062,5876,6472,8445,10003,11845,12137,10620,9002,8537,6349,8585,,108486,,265246
E06000033,Southend-on-Sea,E06000033,Southend-on-Sea,7805,6844,8102,9472,10038,10802,11615,11667,9811,8427,8941,6683,9607,,119814,,2667,2819,3862,5403,7537,9275,10946,11079,9442,8157,8723,6503,9150,,95563,,215377
E09000028,Southwark,E09000028,Southwark,14359,24346,26104,21246,18655,17318,17384,15777,11970,7835,6158,4052,5777,,190981,,4318,6549,8299,8224,13286,13930,15769,14461,11185,7368,5913,3854,5424,,118580,,309561
E10000030,Surrey,E07000213,Spelthorne,4868,4158,5389,5903,6218,6127,6821,7001,5569,4443,4562,3603,5597,,70259,,1099,1179,1622,2053,4182,4983,6568,6770,5422,4363,4494,3536,5383,,51654,,121913
E10000015,Hertfordshire,E07000240,St Albans,7439,6147,7109,8630,10574,11068,10825,9752,7786,6312,6435,4841,7643,,104561,,1757,1584,2013,3368,8577,9968,10486,9522,7627,6214,6363,4757,7337,,79573,,184134
E08000013,St. Helens,E08000013,St. Helens,9161,7558,8798,9289,9085,10579,12470,12626,11005,9624,10246,7415,9427,,127283,,3518,3494,4175,5010,6249,8614,11836,12158,10718,9436,10059,7253,8990,,101510,,228793
E10000028,Staffordshire,E07000197,Stafford,6418,5350,6461,6728,6952,7874,9593,9549,8502,7678,8176,6562,8366,,98209,,2015,2048,2703,3197,5491,7102,9266,9320,8354,7570,8053,6452,8096,,79667,,177876
E10000028,Staffordshire,E07000198,Staffordshire Moorlands,4760,3581,4106,4307,4465,5616,7370,7326,6652,6169,6903,5217,6515,,72987,,1393,1217,1533,1845,2739,4654,7069,7126,6508,6091,6814,5125,6309,,58423,,131410
E10000015,Hertfordshire,E07000243,Stevenage,4398,4227,5314,5422,5133,4999,5826,5962,4839,3603,3386,2471,3839,,59419,,1480,1659,2152,2295,3474,4221,5592,5760,4727,3549,3337,2437,3659,,44342,,103761
E08000007,Stockport,E08000007,Stockport,14051,11908,15227,16826,17129,17529,19595,19687,17117,14942,15384,11379,16745,,207519,,4394,4607,6147,7934,10770,13651,18711,18980,16703,14619,15123,11155,16206,,159000,,366519
E06000004,Stockton-on-Tees,E06000004,Stockton-on-Tees,7693,7451,9062,10224,10146,10872,13000,13350,12324,10484,10033,6772,9135,,130546,,2760,3044,3856,4545,6018,8144,12387,12897,12058,10309,9917,6660,8840,,101435,,231981
E06000021,Stoke-on-Trent,E06000021,Stoke-on-Trent,12631,10595,13867,14054,13189,14012,15865,15583,13885,11992,11730,8689,11335,,167427,,4301,4280,6236,7185,8933,11637,14957,14961,13466,11698,11453,8427,10950,,128484,,295911
E10000031,Warwickshire,E07000221,Stratford-on-Avon,6249,5026,5965,6182,6870,8141,9898,10232,9104,8126,8845,7163,9481,,101282,,1668,1502,1963,2618,5106,7125,9607,10003,8957,8026,8735,7055,9141,,81506,,182788
E10000013,Gloucestershire,E07000082,Stroud,6038,4620,5186,5799,6341,7587,8931,9005,8249,7202,7600,5521,7547,,89626,,1498,1317,1559,1915,4344,7077,8664,8786,8112,7096,7520,5411,7320,,70619,,160245
E08000024,Sunderland,E08000024,Sunderland,14747,12236,13956,14646,14116,15663,18665,19436,18349,15741,15293,10194,14558,,197600,,4377,4435,5454,6653,10311,13161,17718,18755,17877,15455,15004,9970,13997,,153167,,350767
E10000030,Surrey,E07000214,Surrey Heath,5151,3788,4340,4787,5425,6072,6608,6489,5348,4359,4506,3541,5267,,65681,,1224,1135,1682,2798,4546,5503,6448,6340,5242,4297,4456,3504,5094,,52269,,117950
E09000029,Sutton,E09000029,Sutton,9404,8266,10238,12751,14264,13362,13316,12783,10068,8223,8083,5754,8679,,135191,,2940,3007,3799,4983,8688,10297,12587,12318,9744,8017,7957,5645,8380,,98362,,233553
E10000016,Kent,E07000113,Swale,6541,5708,6970,7496,7743,8218,9775,10133,8587,7428,8153,5720,6975,,99447,,2102,2060,2579,3214,5039,6298,9265,9763,8358,7280,8053,5611,6747,,76369,,175816
E06000030,Swindon,E06000030,Swindon,10992,9886,12526,13702,14067,14863,15796,15252,12655,10224,9596,6882,9683,,156124,,2742,2657,3532,4315,8025,12298,15092,14745,12382,10069,9481,6770,9394,,111502,,267626
E08000008,Tameside,E08000008,Tameside,10491,9231,11631,12205,11887,12959,15335,15464,13072,10857,11246,7785,9499,,151662,,3393,3541,6132,7222,8786,10624,14288,14650,12571,10519,10881,7460,8676,,118743,,270405
E10000028,Staffordshire,E07000199,Tamworth,3915,3144,3822,4086,4033,4664,5486,4958,4511,4228,4159,2974,3341,,53321,,1218,1121,1460,1743,2537,3512,5320,4825,4422,4170,4113,2928,3241,,40610,,93931
E10000030,Surrey,E07000215,Tandridge,4498,3136,3858,4658,5077,5540,6283,6241,5339,4525,4656,3628,5289,,62728,,1292,1011,1369,1810,3639,5012,6094,6096,5233,4445,4607,3557,5087,,49252,,111980
E10000008,Devon,E07000045,Teignbridge,6351,4730,5762,6114,6352,7346,9301,10288,9524,9034,9678,7394,9783,,101657,,1806,1612,2067,2390,4783,6286,8959,9993,9348,8873,9554,7256,9420,,82347,,184004
E06000020,Telford and Wrekin,E06000020,Telford and Wrekin,9574,7362,8717,9216,9271,10494,12422,11925,9934,8899,8875,6465,7744,,120898,,3166,2944,3661,3982,5955,8331,11964,11618,9729,8755,8728,6348,7409,,92590,,213488
E10000012,Essex,E07000076,Tendring,6287,4905,5659,5603,6154,7369,9517,10454,10264,9994,11806,9129,12154,,109295,,2156,2126,2535,3041,3961,5558,9069,10136,10029,9805,11600,8932,11648,,90596,,199891
E10000014,Hampshire,E07000093,Test Valley,6205,5211,6427,6828,7153,8027,9073,9264,7915,6661,7421,5594,7535,,93314,,1744,1618,2210,2602,5269,6843,8788,9048,7776,6563,7326,5512,7283,,72582,,165896
E10000013,Gloucestershire,E07000083,Tewkesbury,4919,4033,5125,5166,5256,5526,6390,6769,5830,5371,5597,4328,5840,,70150,,1274,1187,1734,2062,4077,4709,6192,6623,5750,5326,5536,4265,5685,,54420,,124570
E10000016,Kent,E07000114,Thanet,6700,5293,6151,6556,6759,7414,8769,9281,8638,8134,9007,6654,8650,,98006,,2272,2484,3737,4361,4699,5938,8322,8945,8395,7956,8869,6533,8352,,80863,,178869
E10000015,Hertfordshire,E07000102,Three Rivers,4821,3598,4148,5149,5967,6241,6513,6508,5238,4289,4389,3235,4900,,64996,,1521,1255,1765,2827,4552,5448,6281,6350,5122,4217,4324,3166,4728,,51556,,116552
E06000034,Thurrock,E06000034,Thurrock,7246,5950,8023,9238,9487,9813,10514,9938,7897,6419,6633,4317,5811,,101286,,2159,2062,3093,4247,6410,7863,9774,9401,7555,6267,6488,4207,5514,,75040,,176326
E10000016,Kent,E07000115,Tonbridge and Malling,6041,4886,5962,6839,7725,8654,9318,9107,7474,6152,6738,5091,6956,,90943,,1686,1516,1979,2583,4840,7030,8973,8878,7320,6051,6648,5024,6767,,69295,,160238
E06000027,Torbay,E06000027,Torbay,6118,5066,5716,5879,6143,7305,9307,10060,9318,8770,9607,7393,10254,,100936,,1947,2013,2452,3362,4976,6496,8934,9705,9033,8574,9406,7226,9839,,83963,,184899
E10000008,Devon,E07000046,Torridge,3087,2282,2666,2666,2934,3558,4738,5213,5264,4892,5336,3938,4853,,51427,,865,736,952,1010,1713,2593,4578,5104,5163,4829,5273,3879,4700,,41395,,92822
E09000030,Tower Hamlets,E09000030,Tower Hamlets,17647,28100,30676,24296,19575,15190,12396,9894,7847,5678,4083,2667,4128,,182177,,4620,7155,9428,9053,11590,10918,11136,9003,7273,5318,3879,2499,3836,,95708,,277885
E08000009,Trafford,E08000009,Trafford,11094,8927,11540,14585,15270,15111,15588,15235,12656,10530,10503,7835,11795,,160669,,3886,3526,5266,7215,10641,12331,14837,14676,12319,10308,10308,7647,11378,,124338,,285007
E10000016,Kent,E07000116,Tunbridge Wells,5568,4246,5184,6008,6814,7717,8378,7807,6543,5335,5813,4450,6563,,80426,,1414,1261,1623,2065,4184,5958,8066,7600,6392,5234,5720,4373,6315,,60205,,140631
E10000012,Essex,E07000077,Uttlesford,4532,3402,3939,4749,5287,5779,6714,6530,5660,4724,4904,3659,4967,,64846,,1298,1125,1565,2532,3152,4849,6465,6375,5542,4651,4835,3590,4731,,50710,,115556
E10000025,Oxfordshire,E07000180,Vale of White Horse,6913,6137,7409,7864,8048,8436,9150,9312,8075,6817,7174,5399,7822,,98556,,1539,1585,2068,2836,5391,6883,8869,9069,7903,6712,7089,5317,7575,,72836,,171392
E08000036,Wakefield,E08000036,Wakefield,17008,15431,18149,18766,17749,20369,24636,23828,20678,17923,18083,13063,16301,,241984,,5186,5502,7044,9043,11930,17300,23605,23152,20247,17655,17883,12844,15802,,187193,,429177
E08000030,Walsall,E08000030,Walsall,14047,11132,13528,14661,14520,15300,17727,17011,14759,12442,12220,9735,14173,,181255,,4856,4662,6008,7361,9563,12422,16799,16392,14361,12150,11981,9505,13578,,139638,,320893
E09000031,Waltham Forest,E09000031,Waltham Forest,9265,11439,17313,18808,17141,15013,14907,13289,10664,7976,6657,4742,6778,,153992,,2658,3679,6615,8708,10861,11470,13493,12326,10065,7603,6430,4540,6420,,104868,,258860
E09000032,Wandsworth,E09000032,Wandsworth,16316,34038,31794,24798,21260,18264,16525,14519,11049,8367,7880,5346,7712,,217868,,4504,9137,9794,10343,15564,15452,15474,13624,10528,8046,7604,5151,7287,,132508,,350376
E06000007,Warrington,E06000007,Warrington,10333,8305,9904,11043,11693,12750,15065,15257,12326,10408,10559,8066,10475,,146184,,3635,3746,4618,5718,7869,10635,14398,14708,12042,10236,10346,7904,10059,,115914,,262098
E10000031,Warwickshire,E07000222,Warwick,8559,7153,8537,8590,8609,8831,9521,9360,7756,6871,7123,5664,7953,,104527,,2285,2152,2623,3087,7006,8122,9194,9098,7581,6748,7027,5551,7635,,78109,,182636
E10000015,Hertfordshire,E07000103,Watford,4815,4905,6136,6858,7001,6474,6248,5463,4361,3401,3148,2375,3574,,64759,,1519,1806,2609,3690,5353,5500,5922,5225,4226,3314,3087,2316,3406,,47973,,112732
E10000030,Surrey,E07000216,Waverley,6829,4326,5282,6503,7633,8888,9294,8803,7566,6430,6958,5645,8784,,92941,,1667,1207,1569,2032,5917,8010,9006,8581,7431,6361,6870,5549,8473,,72673,,165614
E10000011,East Sussex,E07000065,Wealden,7243,5246,6096,6526,7223,8880,11070,11949,10919,9908,11196,8702,11636,,116594,,2114,1829,2184,2658,4615,6883,10655,11613,10689,9746,11028,8556,11236,,93806,,210400
E10000015,Hertfordshire,E07000241,Welwyn Hatfield,7597,5164,5700,6175,6569,6370,7038,7103,6071,4749,4557,3436,5677,,76206,,2031,1496,1938,2397,4751,5371,6708,6861,5913,4642,4475,3381,5473,,55437,,131643
E06000037,West Berkshire,E06000037,West Berkshire,7953,6413,7737,8680,9567,10718,12028,11409,9685,8306,8464,6249,8117,,115326,,2079,1806,2304,3031,5577,7353,11664,11123,9518,8199,8392,6184,7868,,85098,,200424
E10000008,Devon,E07000047,West Devon,2582,1800,2014,2214,2449,2991,3908,4552,4287,3981,4307,3281,4250,,42616,,768,558,692,1005,1800,2570,3775,4447,4215,3922,4257,3231,4146,,35386,,78002
E10000017,Lancashire,E07000127,West Lancashire,7292,3986,4437,4877,5150,6287,7844,8423,7358,6419,6929,5213,6706,,80921,,2689,1847,2423,3018,4176,5475,7437,8133,7171,6292,6809,5097,6480,,67047,,147968
E10000019,Lincolnshire,E07000142,West Lindsey,4611,3487,4058,4343,4398,5236,6735,7244,6709,6158,6586,4994,5931,,70490,,1412,1326,1711,2138,3338,4601,6539,7085,6589,6092,6518,4927,5748,,58024,,128514
E06000062,West Northamptonshire,E06000062,West Northamptonshire,20651,16493,20167,21740,23352,25086,27869,27333,22685,19248,20166,14179,18050,,277019,,5507,5146,6750,8141,14560,20644,26693,26404,22160,18897,19874,13900,17463,,206139,,483158
E10000025,Oxfordshire,E07000181,West Oxfordshire,5355,4471,5258,5633,6046,6729,7899,8166,7007,6034,6375,4966,7059,,80998,,1587,1372,1694,1871,2932,4559,7661,7981,6904,5964,6312,4896,6847,,60580,,141578
E10000029,Suffolk,E07000245,West Suffolk,7402,6664,8016,8279,8676,9587,11324,11271,9757,8821,9907,7594,10301,,117599,,2310,2425,3045,3331,5511,7605,10945,10973,9565,8698,9796,7473,9917,,91594,,209193
E09000033,Westminster,E09000033,Westminster,11274,14158,15155,12878,11642,11425,11495,10596,8401,6385,5682,4349,5862,,129302,,3705,5469,7497,7724,8914,9626,10479,9701,7827,6006,5428,4150,5483,,92009,,221311
E08000010,Wigan,E08000010,Wigan,16401,13341,15982,16916,16365,18789,23177,21872,18737,16224,17813,13248,14720,,223585,,5141,4984,6580,7876,11523,14837,21979,21046,18222,15891,17505,12985,14150,,172719,,396304
E06000054,Wiltshire,E06000054,Wiltshire,23790,18907,21901,23232,24674,29837,35172,36467,31969,27997,29404,22195,30451,,355996,,6642,5778,7238,8318,13621,21284,34068,35623,31433,27580,29095,21864,29496,,272040,,628036
E10000014,Hampshire,E07000094,Winchester,9080,4952,5543,6237,7123,7762,8497,8672,7487,6369,6810,5265,7843,,91640,,2491,1717,2165,2798,5642,7083,8237,8490,7360,6306,6723,5195,7601,,71808,,163448
E06000040,Windsor and Maidenhead,E06000040,Windsor and Maidenhead,7663,5746,7046,8580,9878,10386,10901,10268,8493,6967,7104,5460,8223,,106715,,1845,1658,2243,3418,8554,9489,10480,9964,8255,6832,6976,5336,7875,,82925,,189640
E08000015,Wirral,E08000015,Wirral,15025,12092,14462,15467,15778,17904,21281,22727,20675,18332,18596,13162,18902,,224403,,4929,4844,6446,8040,11450,15293,20003,21752,20047,17980,18286,12873,18201,,180144,,404547
E10000030,Surrey,E07000217,Woking,4848,4745,5670,6513,7134,6958,6726,6452,5283,4384,4353,3195,4963,,71224,,1132,1260,1676,2173,4632,5848,6476,6243,5151,4298,4293,3135,4808,,51125,,122349
E06000041,Wokingham,E06000041,Wokingham,9425,7071,8566,10674,12419,12405,11951,11480,9582,7656,7956,6054,8573,,123812,,2167,1993,2700,4045,7846,9073,11529,11200,9406,7537,7819,5974,8260,,89549,,213361
E08000031,Wolverhampton,E08000031,Wolverhampton,12004,9846,12377,13409,13971,14604,16189,15086,13116,11329,10446,7992,12307,,162676,,4192,4055,5460,6640,9253,11442,14987,14238,12606,10999,10237,7792,11762,,123663,,286339
E10000034,Worcestershire,E07000237,Worcester,6263,4794,5532,5613,5766,6108,7008,6837,5551,4894,4777,3518,4805,,71466,,1981,1685,2079,2253,3302,4729,6656,6527,5331,4767,4640,3405,4614,,51969,,123435
E10000032,West Sussex,E07000229,Worthing,5279,4426,5441,5780,6213,6791,7618,7545,6425,5604,6409,4770,7621,,79922,,1671,1609,2080,2389,4099,5070,7298,7296,6226,5481,6306,4666,7274,,61465,,141387
E10000034,Worcestershire,E07000238,Wychavon,6346,4866,5717,6038,6391,7565,9461,9952,8802,8234,8842,6663,8820,,97697,,1860,1636,1999,2518,4489,6268,9194,9737,8677,8146,8732,6577,8585,,78418,,176115
E10000017,Lancashire,E07000128,Wyre,5321,3840,4407,4691,4810,5719,7412,8314,7944,7420,8224,6213,8567,,82882,,2493,2219,2753,3200,3893,4980,7114,8098,7778,7297,8121,6090,8285,,72321,,155203
E10000034,Worcestershire,E07000239,Wyre Forest,4779,3797,4449,4578,4842,5847,7271,7247,6177,6132,7091,5580,6565,,74355,,1317,1209,1586,1876,3574,4847,7019,7052,6063,6032,7013,5485,6363,,59436,,133791
E06000014,York,E06000014,York,17688,10266,10630,10884,10782,11071,12727,12530,10986,9535,10321,7415,10980,,145815,,4027,2881,3501,3809,7181,8791,12271,12211,10767,9354,10137,7269,10612,,102811,,248626
,,,,,,,,,,,,,,,,,,,,,,,,,,,,,,,,,,,,
Data quality notes:,,,,,,,,,,,,,,,,,,,,,,,,,,,,,,,,,,,,
1. Data was extracted from the National Immunisation Management Service via NHS Foundry on 9th July 2021.,,,,,,,,,,,,,,,,,,,,,,,,,,,,,,,,,,,,
"2. These are provisional data providing timely daily updates of vaccinations reported by midnight of 8th July 2021. Not all vaccinations administered up to this date will be included in these figures. At 1st July 2021, 90.3% of vaccinations recorded in the NIMS database were reported within 1 day of being administered and 97.3% of vaccinations were reported within 7 days.",,,,,,,,,,,,,,,,,,,,,,,,,,,,,,,,,,,,
"3. The statistics published weekly will differ from those presented here as the weekly figures only cover individuals who have an NHS number and are currently alive in the resident population. The weekly figures also capture more events due to be being extracted at a later point. Data on residence and age in this release is taken from the NHS Master Patient Index, whereas they are taken from the National Immunisation Management Service in the weekly publications.",,,,,,,,,,,,,,,,,,,,,,,,,,,,,,,,,,,,
4. Lower Tier Local Authority (LTLA) is as defined at April 2021. An individual's LTLA of residence is taken from the NHS Master Patient Index.,,,,,,,,,,,,,,,,,,,,,,,,,,,,,,,,,,,,
5. The sum of LTLAs will not equal the England total. This is due to a number of individuals vaccinated in England with a registered address in Scotland or Wales or where their address is unknown.,,,,,,,,,,,,,,,,,,,,,,,,,,,,,,,,,,,,
6. Age is as at 31st March 2021 and is taken from the NHS Master Patient Index.,,,,,,,,,,,,,,,,,,,,,,,,,,,,,,,,,,,,
"7. These figures include all individuals identified in the relevant age bands. For example 80+ includes all people who have been vaccinated who are aged 80+ and does not exclude those who are in a higher priortiy group for vaccination as set out by the Joint Committee on Vaccination and Immunisation (i.e. care home residents). The under 25 age group includes individuals aged under 18 who will have been vaccinated either because they fall into one of the JCVI priority cohorts (i.e. they are 16+ and have either been identified as at risk or a carer, are clinically extremely vulnerable, or are a health or social care worker), or based on JCVI advice that children under 16 at very high risk of exposure and serious outcomes, such as those with severe neuro-disabilities that require residential care, should be offered vaccination.",,,,,,,,,,,,,,,,,,,,,,,,,,,,,,,,,,,,
8. The sum of the age groups across doses will not equal the cumulative total. This is due to a number of individuals with an unknown age.,,,,,,,,,,,,,,,,,,,,,,,,,,,,,,,,,,,,
,,,,,,,,,,,,,,,,,,,,,,,,,,,,,,,,,,,,
Contact details:,,,,,,,,,,,,,,,,,,,,,,,,,,,,,,,,,,,,
"For further information about these statistics, please contact us via email at:",,,,,,,,,,,,,,,,,,,,,,,,,,,,,,,,,,,,
covid19.vaccinestatistics@nhs.net,,,,,,,,,,,,,,,,,,,,,,,,,,,,,,,,,,,,
