,region name,IMD: Overall - extent (%),IMD: Barriers to Housing and Services,IMD: Crime,IMD: Education Skills and Training Deprivation,IMD: Employment,IMD: Health Deprivation and Disability,IMD: Income Deprivation,IMD: Living Environment Deprivation,mean age,median age,white british,multiple ethnic group,Black British,Other Ethnic Group,Asian British,hesitancy measure
Adur,South East,7.9,0.0,0.0,7.14,0.0,0.0,0.0,0.0,43.0,44,0.8693495693495693,0.013157113157113157,0.004648054648054648,0.0038907038907038905,0.01571131571131571,0.6900587404267975
Allerdale,North West,19.9,13.33,0.0,18.33,13.33,11.67,10.0,21.67,43.1,45,0.9508479476774907,0.004247215880200596,0.0007278092940249847,0.0006081694100756722,0.004755685386985175,0.7219000579895619
Amber Valley,East Midlands,11.0,2.56,0.0,11.54,3.85,5.13,3.85,3.85,41.8,43,0.9180356719284419,0.007498603576374808,0.0019358639845130881,0.0009488029015004859,0.0071083701249512205,0.7026453323524453
Arun,South East,10.5,7.45,4.26,8.51,3.19,5.32,1.06,2.13,45.5,47,0.8375231833230297,0.008678218365236282,0.003108443062914194,0.001409777151210155,0.012225772344101181,0.6874931225204877
Ashfield,East Midlands,26.0,0.0,9.46,22.97,20.27,13.51,13.51,0.0,40.0,41,0.8920640017124204,0.008095773226612847,0.0036083144126168687,0.001024394345954789,0.008401562583614278,0.6567594874699569
Ashford,South East,10.9,20.51,11.54,8.97,0.0,0.0,3.85,2.56,39.6,40,0.7777086412071246,0.011893061438056383,0.009722330248113868,0.0027434648263768586,0.028219505469252688,0.6479510113824826
Babergh,East of England,2.2,18.52,0.0,3.7,0.0,0.0,0.0,3.7,43.1,45,0.8990914140196807,0.0086666736531025,0.0027666285905913668,0.0014461922178091236,0.006979449398991857,0.7052169704112126
Barking and Dagenham,London,47.2,93.64,14.55,0.0,0.0,0.91,4.55,3.64,33.4,32,0.43604623047536145,0.03174718313264665,0.14966874607089317,0.011738962232216259,0.11925947418476071,0.4361718057573464
Barnet,London,5.2,20.38,2.37,0.0,0.0,0.0,1.42,2.37,36.8,35,0.5044102382897904,0.037916565446876174,0.060579492502374065,0.03823899648859345,0.14557540690355777,0.5284801136363636
Barnsley,Yorkshire and The Humber,38.4,0.68,21.77,28.57,26.53,34.69,18.37,0.0,40.4,41,0.8786521132616543,0.006333762060376684,0.0047444929298895286,0.0016475552844170025,0.0064542201118317,0.6498376534894766
Barrow-in-Furness,North West,37.9,0.0,8.16,16.33,28.57,53.06,18.37,36.73,41.3,42,0.9666310769449783,0.005124919923126201,0.000996512207274539,0.001195814648729447,0.009011317531496903,0.6819399709260896
Basildon,East of England,26.2,5.45,31.82,19.09,7.27,1.82,7.27,0.0,39.1,39,0.8006891332058637,0.014375199171446782,0.023327955704270237,0.0024000159337157424,0.02373127788400255,0.6017538252566818
Basingstoke and Deane,South East,2.4,10.09,4.59,2.75,0.0,0.0,0.0,4.59,38.7,39,0.8024207884824469,0.014494844617120715,0.009836707562774065,0.0024424302696463627,0.03460109548665681,0.6626736918229248
Bassetlaw,East Midlands,20.8,7.14,5.71,14.29,12.86,11.43,4.29,1.43,41.5,43,0.8766377376266478,0.007952159298677035,0.004151729754329376,0.0015968191362805292,0.01002004008016032,0.6703631450181493
Bath and North East Somerset,South West,4.0,2.61,0.87,6.09,0.87,0.87,0.87,0.87,40.3,40,0.8073499090357793,0.01405942995755003,0.006432989690721649,0.0035997574287446937,0.022204972710733777,0.6603637140180838
Bexley,London,7.6,11.64,2.05,0.68,0.68,0.0,0.68,0.0,38.8,39,0.7293423368939257,0.020781892211509202,0.07559292914896322,0.0068297117499547385,0.0587170311362437,0.5885347216585693
Birmingham,West Midlands,57.9,16.9,11.11,23.47,33.96,21.6,39.75,41.47,35.3,32,0.47760390799543023,0.03659901685069323,0.07408216077581767,0.01676304933121553,0.2196017891656762,0.4680863536197544
Blaby,East Midlands,0.0,0.0,0.0,0.0,0.0,0.0,0.0,0.0,40.9,42,0.8059033482522237,0.014210715162502597,0.008498102090533114,0.0032198364587464356,0.05399127528185372,0.6671181752737468
Blackburn with Darwen,North West,55.2,0.0,16.48,26.37,32.97,50.55,32.97,26.37,36.2,35,0.6075725850230566,0.010875076805602782,0.005565796302593196,0.007337544964833473,0.24753178111447166,0.5495601102864217
Blackpool,North West,57.7,0.0,36.17,25.53,43.62,67.02,36.17,40.43,41.3,42,0.88982203818845,0.011377354327029167,0.0022456158569036464,0.0022391256376640403,0.014810680304780695,0.6212744925896301
Bolsover,East Midlands,21.7,0.0,0.0,20.83,14.58,16.67,8.33,0.0,41.0,42,0.8894761386600342,0.0061940236042521135,0.0031926723983307227,0.00020327876693491492,0.007318035609656937,0.6719530454572678
Bolton,North West,43.2,0.0,33.9,13.56,23.16,19.21,27.68,15.25,38.4,38,0.7072432533733134,0.015279860069965017,0.01453023488255872,0.005772113943028486,0.12103010994502748,0.5728517627727727
Boston,East Midlands,15.5,13.89,0.0,27.78,2.78,0.0,2.78,8.33,41.5,42,0.7597045208791475,0.008067357575904844,0.00337759850316498,0.0021261861081074513,0.011274861190421228,0.5373074101247248
Bracknell Forest,South East,0.3,8.0,0.0,0.0,0.0,0.0,0.0,0.0,37.4,37,0.7727869396623263,0.01737405133002399,0.01651402447304495,0.0037343271421458424,0.042729755420432426,0.6304520582158345
Bradford,Yorkshire and The Humber,49.8,0.0,46.77,32.9,19.03,18.06,28.06,34.19,36.2,34,0.5865407855236685,0.021634154594445027,0.015446776379283617,0.012901483670622122,0.23360853164780618,0.5244450831602395
Braintree,East of England,2.7,8.05,0.0,4.6,0.0,0.0,0.0,1.15,40.0,41,0.8965994214468881,0.011602642648712152,0.005766582873312027,0.0015727044199941892,0.012619531852001566,0.6664790371443209
Breckland,East of England,9.7,21.79,1.28,16.67,0.0,1.28,0.0,10.26,42.6,44,0.8468026048895058,0.01042222696701185,0.0039767268068752,0.0011810077933169637,0.00693925483078894,0.683899546984469
Brent,London,20.7,77.46,11.56,0.0,4.62,0.0,8.67,2.89,35.0,32,0.25870390630027673,0.03625669973247037,0.1347577064161143,0.04123725556893714,0.24359445818355657,0.46413417225679204
Brentwood,East of England,0.0,8.7,0.0,0.0,0.0,0.0,0.0,0.0,41.6,43,0.8385416666666666,0.014588212334113974,0.01092896174863388,0.003549473067915691,0.028664129586260734,0.6551234673649691
Brighton and Hove,South East,16.8,3.64,6.67,9.09,9.09,10.3,9.09,8.48,37.4,35,0.7533477616053156,0.03222520489075074,0.012966867609767879,0.012332147490378571,0.034918895153524865,0.6025289746016477
Broadland,East of England,0.0,10.71,0.0,0.0,0.0,0.0,0.0,2.38,43.9,45,0.8944255888100381,0.007816517535739998,0.0024316422033176122,0.0014031530538781388,0.009293134100292385,0.7302302966008045
Bromley,London,7.3,10.15,5.58,0.0,0.51,0.0,4.57,0.0,39.9,40,0.7271015662754935,0.03043999296055958,0.052198009402681135,0.00802272733621429,0.044882019537240594,0.6141292629586382
Bromsgrove,West Midlands,2.5,5.17,3.45,0.0,0.0,1.72,0.0,1.72,42.6,44,0.8618481156298383,0.013424755017454104,0.004269764489791993,0.0016925192572148442,0.01851192937578736,0.6883099352051836
Broxbourne,East of England,7.1,19.64,1.79,1.79,0.0,0.0,0.0,0.0,39.1,39,0.8005369611414693,0.020311551305403765,0.037539845173041896,0.007504174256223436,0.0207764116575592,0.5966329774072594
Broxtowe,East Midlands,5.4,0.0,1.41,2.82,5.63,0.0,2.82,1.41,41.4,42,0.8415795625036264,0.015144105237854462,0.007733689210135858,0.005686292388159912,0.03732561898525377,0.6685981354961357
Burnley,North West,53.6,0.0,40.0,23.33,30.0,46.67,25.0,38.33,39.4,39,0.7695826417843986,0.009877342832854309,0.002135368173906003,0.0024288547949641746,0.09693154677569527,0.5709888144994971
Bury,North West,24.2,0.83,13.33,4.17,15.0,10.83,10.0,8.33,39.2,40,0.7958854804936651,0.016235176053959646,0.009133191164976406,0.006576090627502823,0.06468499416209122,0.5972892047076124
Calderdale,Yorkshire and The Humber,29.3,0.78,23.44,13.28,14.84,10.94,15.63,37.5,39.6,40,0.8184440751309147,0.01252928501995637,0.004027110201265919,0.0020964266676223027,0.07559230772676573,0.6251278554381179
Cambridge,East of England,4.6,8.7,5.8,1.45,0.0,1.45,0.0,8.7,35.6,31,0.5554672963297461,0.02145787314610287,0.011409016223980153,0.010897596326481757,0.07409059749077812,0.5317688586743365
Camden,London,13.8,0.0,11.28,0.0,0.75,0.0,8.27,14.29,35.7,33,0.4947636876661783,0.04178875685061588,0.061248575614520594,0.028674236258071518,0.12021135167399208,0.4909441141010885
Cannock Chase,West Midlands,14.3,0.0,0.0,13.33,5.0,1.67,3.33,0.0,39.6,40,0.9287866524948563,0.008454330040662695,0.002730348802059463,0.0007508459205663523,0.009575723298651403,0.6915365637220007
Canterbury,South East,10.6,6.67,13.33,7.78,2.22,1.11,0.0,2.22,40.0,39,0.8103988258271794,0.014740722763466583,0.011192779299425627,0.0052121254146008855,0.029672133042101492,0.6396443242681088
Carlisle,North West,19.0,10.29,2.94,17.65,8.82,16.18,5.88,8.82,41.3,42,0.9248743806880073,0.004699743490635651,0.001291331389015777,0.0010014406690326434,0.010963139955725782,0.6703004261489223
Castle Point,East of England,7.3,0.0,0.0,14.04,1.75,0.0,5.26,0.0,43.2,45,0.8977623334912863,0.009593007950297478,0.006960459116516611,0.001621650081609014,0.010656557679144947,0.6691699979959286
Central Bedfordshire,East of England,3.0,7.01,5.1,3.82,0.64,0.0,0.0,0.64,39.6,40,0.776881764258952,0.015616287373600681,0.011784769799163262,0.0027847795817613243,0.02087606426514754,0.646004955145136
Charnwood,East Midlands,4.0,0.0,4.04,2.02,2.02,1.01,2.02,1.01,39.3,39,0.7527272349833408,0.013374090489189666,0.006886852184382882,0.004899162367790083,0.0837528414103775,0.6551745574545021
Chelmsford,East of England,2.3,12.15,0.93,0.93,0.93,0.0,0.93,0.93,40.1,40,0.8222035770866338,0.013789293754690237,0.010688526640540316,0.003481197365129659,0.02585883432002001,0.6557705171620887
Cheltenham,South West,9.6,2.67,0.0,9.33,2.67,2.67,4.0,1.33,39.5,38,0.8592326365900564,0.014801853778492387,0.005682713830826949,0.0029477600176550335,0.02896528894353542,0.6662064394985365
Cherwell,South East,6.1,17.2,3.23,9.68,0.0,2.15,0.0,8.6,38.9,39,0.7499569504873205,0.014694233661274954,0.011256012581937572,0.003139744458092734,0.03466346760954666,0.6325865885716921
Cheshire East,North West,8.5,7.26,3.85,3.85,2.14,3.85,0.85,8.12,42.0,43,0.852605304063397,0.009233476059239198,0.003342456347806185,0.00203122168925169,0.014447421874254981,0.6806313393365246
Cheshire West and Chester,North West,15.8,3.77,2.83,10.85,9.91,10.38,8.02,3.3,41.3,42,0.8589091084332189,0.008165756831793441,0.002430985968284736,0.00141361298596293,0.010968887127822206,0.6713762905406856
Chesterfield,East Midlands,28.1,0.0,0.0,10.14,18.84,34.78,10.14,0.0,41.4,42,0.9344808284354884,0.010206175949248997,0.007295456665733744,0.0013807258139751843,0.014852131728706036,0.6747329164680481
Chichester,South East,1.1,21.13,0.0,0.0,0.0,0.0,0.0,19.72,44.5,46,0.8353302727928065,0.008286223773570588,0.003930644610539894,0.0018590886671472474,0.012269985203171832,0.7063961893746862
Chorley,North West,12.4,1.52,0.0,4.55,6.06,12.12,3.03,6.06,40.5,41,0.8499541344515791,0.008321320927794522,0.003284300877997641,0.0015971039182282793,0.01400537282138645,0.6708837926256324
Colchester,East of England,8.4,13.33,5.71,5.71,0.95,2.86,0.95,2.86,38.9,38,0.7589140599306988,0.015023187756483277,0.012273067408929073,0.008035880252992006,0.03028945374125991,0.6190471642703315
Copeland,North West,23.0,8.16,2.04,16.33,14.29,26.53,8.16,12.24,42.1,44,0.997415872286666,0.004866773860112553,0.0012059262662225795,0.0008613759044446996,0.009030090731595268,0.7198015530629853
Cotswold,South West,0.0,33.33,0.0,0.0,0.0,0.0,0.0,13.73,44.2,46,0.84300153011835,0.007265459920267303,0.0023836537560762354,0.0008847623112073363,0.008264720883513235,0.7249590091172078
Coventry,West Midlands,26.7,2.56,4.1,9.23,11.28,12.82,15.9,19.49,36.8,34,0.5775050619783693,0.02032199120944244,0.0438638945133093,0.013183367079855795,0.1274087609264655,0.5260399404405618
Craven,Yorkshire and The Humber,2.4,18.75,0.0,3.13,0.0,0.0,0.0,21.88,44.5,47,0.9009626311919245,0.006267130155759075,0.0010194531720034762,0.0006517815361989438,0.016210976669563473,0.7348726381850522
Crawley,South East,3.9,9.09,0.0,7.58,0.0,0.0,1.52,0.0,36.8,35,0.673469710758517,0.02451628219839354,0.027452221738614332,0.008111423258022395,0.1094052941874728,0.5850219493574246
Croydon,London,19.0,37.73,5.45,1.36,0.91,0.45,6.36,6.36,36.4,35,0.44577434959983947,0.053269277927636714,0.1633100742359052,0.014278707893974184,0.13292685645495686,0.4895841266570198
Dacorum,East of England,2.0,4.26,1.06,2.13,0.0,0.0,0.0,1.06,39.4,40,0.7893879366835198,0.018486344152604018,0.017975339517491386,0.0028556141373941167,0.04070001623191194,0.6340381416206572
Darlington,North East,28.9,3.08,29.23,20.0,18.46,24.62,18.46,0.0,40.2,41,0.8881997385712657,0.01005360166331839,0.0031318811464264096,0.0022896946196562826,0.019343971786751353,0.6637946177627879
Dartford,South East,9.2,8.62,17.24,1.72,1.72,0.0,1.72,10.34,37.8,37,0.7039677336365221,0.017934056449538164,0.02969368531996647,0.006282314082508279,0.048125679477497366,0.5783411288845981
Derby,East Midlands,34.3,0.0,3.31,27.15,9.27,18.54,17.88,7.28,37.6,36,0.6956909962260466,0.025224797873750444,0.025531736785931035,0.011698558084701188,0.10845756220744884,0.5824200011878851
Derbyshire Dales,East Midlands,2.3,13.95,0.0,2.33,2.33,0.0,2.33,13.95,44.5,47,0.9333244574623885,0.006204233790440687,0.0011583011583011582,0.0006390627080282253,0.005298894954067368,0.7381739794073935
Doncaster,Yorkshire and The Humber,39.8,2.06,32.47,37.63,19.59,20.1,16.49,2.06,39.8,40,0.8690049393314673,0.010038873808242699,0.007064392679874491,0.0032163088623818822,0.02301595458475155,0.6298533898664921
Dover,South East,17.8,14.93,14.93,11.94,7.46,0.0,7.46,4.48,42.1,44,0.8914153324231517,0.008514335360556038,0.0031939100575069297,0.002167887137478797,0.016805262504654337,0.6627400555809034
Dudley,West Midlands,27.1,0.0,1.0,14.93,14.43,6.47,13.93,5.47,40.5,41,0.8407442060675991,0.0172121567209018,0.013962831546254308,0.005820088422298681,0.05662255515931259,0.6354471476535194
Ealing,London,16.3,45.92,7.65,0.0,2.04,0.0,6.63,4.08,35.4,33,0.3639061905693688,0.03312395429571473,0.08104002093057514,0.04455662138304491,0.22082416338160704,0.4960378179184689
East Cambridgeshire,East of England,0.0,20.0,0.0,2.0,0.0,0.0,0.0,0.0,40.2,40,0.8220384886608685,0.01208008421310822,0.005171338927100473,0.0024732490520915306,0.012417345447484338,0.6542143333504334
East Devon,South West,0.8,4.94,0.0,1.23,0.0,0.0,0.0,16.05,46.9,49,0.8394470580653477,0.00582586840239737,0.0009409035251659471,0.0008377908100792679,0.005993426564413224,0.7269545528060812
East Hampshire,South East,0.3,11.11,2.78,1.39,0.0,0.0,0.0,5.56,42.0,44,0.849339932734913,0.00995248735919709,0.003942862808202985,0.002226916711789694,0.014177527969921371,0.694311979975965
East Hertfordshire,East of England,0.1,9.52,0.0,0.0,0.0,0.0,0.0,1.19,39.5,40,0.8167465393676071,0.013761724504447386,0.006116322001976616,0.002187952586072936,0.016664491145629377,0.6596156961457463
East Lindsey,East Midlands,34.0,22.22,2.47,22.22,25.93,20.99,12.35,18.52,45.8,49,0.89490664515828,0.006245875522433825,0.0017597770949013124,0.0006465847659296489,0.005259333817716423,0.7304611358842221
East Riding of Yorkshire,Yorkshire and The Humber,8.9,11.9,4.29,5.71,5.71,3.33,4.76,5.71,43.5,45,0.9171809374474996,0.006442851542812342,0.0016744133953071625,0.0014840118720949767,0.008290866326930615,0.7172784419374755
East Staffordshire,West Midlands,16.1,5.56,1.39,6.94,2.78,2.78,2.78,22.22,39.8,40,0.7786890843013331,0.012283670078375733,0.00776170135279702,0.002830024051410839,0.0596657081509245,0.6223690520594661
Eastbourne,South East,18.2,6.56,6.56,9.84,11.48,1.64,4.92,0.0,42.8,43,0.8518113365786067,0.0163266422359569,0.007137778263961057,0.004877026016882714,0.025479042462032125,0.6584143045002923
Eastleigh,South East,1.4,0.0,0.0,2.6,0.0,0.0,0.0,0.0,40.1,41,0.8412784167650028,0.01236902341584088,0.0043007236589561685,0.004101681902839188,0.026586291709910857,0.6822509835224357
Eden,North West,0.5,27.78,0.0,0.0,0.0,0.0,0.0,50.0,44.1,46,0.9427638737758433,0.0038266231410953935,0.00039898440333696047,0.0007254261878853826,0.0052956111715632935,0.7343280866163224
Elmbridge,South East,0.2,4.94,0.0,1.23,0.0,0.0,0.0,0.0,39.8,40,0.744797717056417,0.02153517854437093,0.006376584675993737,0.007929693418859539,0.044667659982827415,0.6122604439761062
Enfield,London,29.4,60.66,3.83,0.55,1.64,0.0,13.11,2.73,35.9,34,0.5078582237131808,0.04585765259418793,0.1432788101509729,0.04286861861260785,0.09312175242792292,0.4921705024989471
Epping Forest,East of England,2.1,8.97,1.28,1.28,0.0,0.0,0.0,1.28,41.1,42,0.785016195883111,0.018452857789697328,0.01674619483821532,0.005677266552889137,0.04125248162725088,0.6127744232313008
Epsom and Ewell,South East,0.8,4.55,0.0,0.0,0.0,0.0,0.0,0.0,40.0,40,0.7314107808381056,0.02183892373420598,0.012817016634851377,0.012112535224070539,0.07367512044359603,0.6373873359954364
Erewash,East Midlands,16.2,0.0,2.74,12.33,9.59,2.74,6.85,6.85,40.8,41,0.9242957447170228,0.010786963839445097,0.004556195916424406,0.0010880467860117985,0.011756005508236854,0.6832678992684443
Exeter,South West,8.5,0.0,1.35,5.41,0.0,4.05,0.0,12.16,38.1,35,0.7769546799497626,0.013751410264597568,0.0047328125110869855,0.006975044525335093,0.0326046079287027,0.6387488745684369
Fareham,South East,0.8,2.74,0.0,0.0,0.0,0.0,0.0,0.0,42.6,44,0.8951159201420582,0.011276698142954346,0.002962311432696616,0.0019831720795924126,0.013832417810378876,0.7239889675339781
Fenland,East of England,21.5,9.09,3.64,20.0,5.45,9.09,3.64,3.64,42.1,43,0.8279938909352259,0.008094510825622136,0.004465007636330968,0.0014194591680891204,0.009657712694277244,0.6397354931125505
Folkestone and Hythe,South East,20.9,10.45,10.45,7.46,7.46,2.99,5.97,7.46,42.4,43,0.8777070611507698,0.010897049969897652,0.0039391072503655285,0.002838221381267739,0.03181388148275566,0.6775589736515382
Forest of Dean,South West,4.2,12.0,0.0,6.0,2.0,0.0,2.0,16.0,43.0,45,0.8965758832753195,0.005871820820497992,0.002213053680452842,0.0006894941114978703,0.005260172818362785,0.7334638574320866
Fylde,North West,7.7,1.96,0.0,0.0,7.84,7.84,1.96,9.8,44.9,47,0.8602873489553595,0.008646104009601604,0.001899346298605204,0.001899346298605204,0.009846304431419615,0.7088777728430845
Gateshead,North East,34.0,0.0,19.05,12.7,20.63,33.33,15.87,0.0,40.5,40,0.9252251170608716,0.00748229079121143,0.005191499579781486,0.00525873454196182,0.017951734902149116,0.659187048146439
Gedling,East Midlands,3.8,0.0,0.0,1.3,2.6,1.3,1.3,0.0,41.4,42,0.8616810383507779,0.02136581306749117,0.01348518098532375,0.0022189771494301636,0.02727220812700381,0.6688044836967623
Gloucester,South West,23.7,2.56,7.69,11.54,10.26,15.38,8.97,1.28,38.2,38,0.7881579138836746,0.025938213937515463,0.025363426026978653,0.0024446675688654124,0.04248337480537245,0.6299833765930765
Gosport,South East,16.9,0.0,9.43,18.87,1.89,0.0,0.0,5.66,39.8,40,0.9363340347247529,0.012531004243614008,0.006959056765684327,0.002421563671842857,0.012613290387802843,0.6882208401424926
Gravesham,South East,18.6,0.0,39.06,7.81,1.56,0.0,3.13,1.56,38.7,39,0.7228228564536832,0.017797916971769714,0.024853335171130503,0.016703853343785803,0.09135000559953825,0.5671103285169264
Great Yarmouth,East of England,39.3,4.92,11.48,26.23,24.59,16.39,22.95,14.75,42.1,43,0.8592941434164773,0.010577809416897115,0.004006607708384671,0.0023729339502961606,0.010988509523679142,0.6435301766370287
Greenwich,London,20.2,29.8,9.27,0.0,1.99,0.66,5.96,3.31,34.6,33,0.4869848289417112,0.037694244825256434,0.14942263988698484,0.014532276887169094,0.09180640009827407,0.5215500075635726
Guildford,South East,1.2,9.52,0.0,2.38,0.0,0.0,0.0,2.38,39.0,38,0.7993616227138757,0.016094572506016962,0.01065678211513958,0.01095923909546057,0.04257564642135475,0.6443855966413693
Halton,North West,46.8,0.0,13.92,17.72,36.71,45.57,29.11,7.59,38.9,39,0.892850661653153,0.009843134123590856,0.0018873266018684532,0.0010598064764338238,0.006845188406007506,0.6158429672096559
Hambleton,Yorkshire and The Humber,0.5,21.15,0.0,5.77,0.0,0.0,0.0,13.46,43.5,46,0.9260556672663774,0.006275796380569372,0.001989628532119801,0.0013123081807598688,0.006349878293999365,0.7426674866922571
Hammersmith and Fulham,London,16.4,7.08,6.19,0.0,1.77,0.88,7.08,14.16,34.7,32,0.49339121162446486,0.03996307672719749,0.08556411439848487,0.04013416516798498,0.06618735377906514,0.4752036833149834
Harborough,East Midlands,0.1,17.02,0.0,0.0,0.0,0.0,0.0,2.13,41.6,43,0.8188221778825806,0.009784952737972872,0.003295241550275107,0.00206582421347522,0.025827841264082874,0.7065343810997502
Haringey,London,32.1,37.93,25.52,0.0,4.83,0.69,13.1,6.9,34.2,32,0.4661765908038112,0.05010157770921829,0.14481257323132166,0.03649833933312947,0.07311778472792009,0.4742617523188159
Harlow,East of England,7.9,9.26,1.85,0.0,0.0,0.0,0.0,0.0,38.2,37,0.7295349442453605,0.01753718644271386,0.03093031170547136,0.0037036295569658267,0.037366619286901166,0.5616326940455869
Harrogate,Yorkshire and The Humber,1.3,16.35,0.0,0.0,0.96,0.96,0.96,8.65,42.0,43,0.8597420230821453,0.010047522063815343,0.006489024666214076,0.002613713509843856,0.013628649015614393,0.6869853879982977
Harrow,London,2.7,27.74,0.0,0.0,0.0,0.0,0.0,0.0,37.6,36,0.32907987556269364,0.031008131514433355,0.06433395682560823,0.023013720094405218,0.33233770430797255,0.5280244982803335
Hart,South East,0.0,3.51,0.0,0.0,0.0,0.0,0.0,0.0,40.0,41,0.8139833954271233,0.013777256652230648,0.004784688995215311,0.002524727197080016,0.02314806059345273,0.69127631329414
Hartlepool,North East,49.7,0.0,32.76,20.69,43.1,36.21,37.93,0.0,39.8,40,0.9168069541795476,0.0056115005152377745,0.0017344637956189484,0.0010712864619999388,0.013304357585218288,0.6336155393743809
Hastings,South East,43.8,3.77,18.87,18.87,24.53,20.75,26.42,13.21,40.2,41,0.8657880443137215,0.01996372095883251,0.010914457300388411,0.0049601852895661885,0.021787921333920903,0.6139852247075723
Havant,South East,25.5,2.56,15.38,28.21,5.13,3.85,3.85,0.0,42.3,44,0.9005668053558107,0.011643735531851078,0.002983995631676498,0.0014843071054473302,0.01097464372784114,0.68933257361094
Havering,London,8.1,4.0,4.0,2.67,0.67,0.0,2.67,0.0,40.4,40,0.7547400767129656,0.01791785319927936,0.04170177834602197,0.00480908932411228,0.04193424187830534,0.595878638690836
Hertsmere,East of England,2.3,9.68,3.23,0.0,1.61,0.0,1.61,1.61,39.4,39,0.7125988216929352,0.02197995870889773,0.03295734931265421,0.008635882974973563,0.06204575591251658,0.6034220116311364
High Peak,East Midlands,6.7,1.69,0.0,8.47,5.08,1.69,3.39,3.39,41.1,43,0.9262394951419913,0.009830568485946661,0.001916127755735366,0.0010309600424880502,0.007404167577868725,0.7008760037543018
Hillingdon,London,6.9,16.15,6.83,0.0,0.0,0.0,0.62,0.62,36.4,35,0.4692433176434604,0.02967764957773284,0.05687437339631939,0.022914577987731312,0.19613190821707535,0.5437728812788503
Hinckley and Bosworth,East Midlands,2.7,6.06,0.0,6.06,1.52,0.0,0.0,1.52,41.7,43,0.861411148344078,0.00873462722618177,0.002228308016805865,0.0014798686829168722,0.01910221299903043,0.6913059771407157
Horsham,South East,0.2,16.05,0.0,0.0,0.0,0.0,0.0,8.64,42.1,44,0.8106899639845114,0.01142960228334332,0.004194290353132187,0.0014754108922692335,0.016654747408366675,0.6948019625968854
Hounslow,London,8.9,42.25,8.45,0.0,0.7,0.0,1.41,5.63,35.2,33,0.37041079381862313,0.029414690575873075,0.047787147806759495,0.02567425837973345,0.24800827670102976,0.5109553073742975
Huntingdonshire,East of England,1.8,10.48,0.0,6.67,0.0,0.0,0.0,0.95,39.9,41,0.8286243894379215,0.013063188657228126,0.008478164338011298,0.002349308632031145,0.02163429267738571,0.6646799689038609
Hyndburn,North West,48.0,0.0,17.31,17.31,30.77,44.23,21.15,46.15,38.7,39,0.816630464922821,0.008041408632960533,0.0012246972918014605,0.0016984009612718365,0.10406460855901654,0.5788705473501303
Ipswich,East of England,31.3,1.18,16.47,23.53,12.94,8.24,7.06,9.41,38.0,36,0.7655868247217447,0.0311284046692607,0.020011117287381877,0.007342580503380431,0.03710071486743281,0.5724321799711983
Isle of Wight,South East,16.5,4.49,1.12,5.62,6.74,0.0,3.37,19.1,44.4,46,0.907833167905686,0.011539422421185542,0.00204590110802763,0.0013099168810473934,0.01022275339126677,0.7032441068551389
Islington,London,27.1,3.25,15.45,0.0,7.32,0.81,10.57,17.89,34.5,31,0.4999216379101543,0.04751235983871657,0.09365694501830824,0.024730363172667302,0.06779745536922792,0.5036278810169516
Kensington and Chelsea,London,19.9,43.69,9.71,0.0,10.68,0.0,16.5,40.78,37.8,36,0.5553553792018423,0.04459796812729231,0.051283196601303295,0.05683684965432356,0.07871893751023629,0.4725047751302194
King's Lynn and West Norfolk,East of England,17.0,15.73,1.12,13.48,5.62,5.62,5.62,11.24,43.5,45,0.8842725571224728,0.008474942707657716,0.003465337360784241,0.0015195596983118061,0.011507885032336972,0.6843868219502077
Kingston upon Thames,London,1.2,3.06,0.0,0.0,0.0,0.0,1.02,2.04,37.0,35,0.5968853970417285,0.03141159257626167,0.02014771315188199,0.02204172846434441,0.13103780013628893,0.5661418829762588
Kirklees,Yorkshire and The Humber,29.4,0.39,17.76,14.67,9.27,5.41,10.42,20.46,38.4,38,0.7232096280182257,0.021191164215288376,0.01711094516055716,0.005868155892507333,0.1467190493197831,0.6088397837969096
Knowsley,North West,59.9,0.0,4.08,42.86,50.0,61.22,46.94,5.1,39.1,40,0.8474999551909761,0.011429288372954469,0.003017140945291169,0.0012785508164204161,0.008382274745036654,0.5680845964891259
Lambeth,London,19.5,3.37,13.48,0.0,1.12,2.25,4.49,44.38,33.7,31,0.42669754419922923,0.057179396653672096,0.19391123367757832,0.01832160201066065,0.05169353225969717,0.5090683580404622
Lancaster,North West,23.2,1.12,14.61,10.11,14.61,21.35,11.24,31.46,40.2,40,0.8300647019247094,0.008526317775108937,0.0039487666392097436,0.0019932468545055555,0.02346623741645026,0.6424537536708416
Leeds,Yorkshire and The Humber,32.8,0.21,34.65,19.71,17.43,17.43,18.05,24.69,37.6,35,0.7126457811325133,0.021901474601116938,0.028886251112811782,0.009181394456356582,0.06497593649107854,0.5745027048034271
Leicester,East Midlands,37.1,0.0,22.4,29.69,15.1,20.83,25.52,8.33,34.8,31,0.40092477127950815,0.027931276517225493,0.04965158265173461,0.020666250189947152,0.2954009874839902,0.5166445576875216
Lewes,South East,5.7,9.68,0.0,4.84,0.0,0.0,0.0,6.45,43.7,45,0.8817871606419679,0.011952527373631318,0.0038998050097495125,0.0023623818809059547,0.01312434378281086,0.6920060927451201
Lewisham,London,24.6,38.46,6.51,0.0,2.96,0.59,5.92,21.3,34.6,33,0.42416520463631396,0.05888003681440364,0.21554258103482987,0.020854784434409964,0.07343898300209957,0.5016330440402548
Lichfield,West Midlands,3.5,5.17,0.0,3.45,1.72,0.0,0.0,0.0,42.2,44,0.8641861373135388,0.009175533094923286,0.004268308915530078,0.0010382373037775864,0.01440221490624806,0.7124650543598846
Lincoln,East Midlands,29.2,0.0,1.75,22.81,22.81,28.07,14.04,1.75,37.4,34,0.8361016441331786,0.01151642260589491,0.007284371371858732,0.0033706602748960713,0.016797123703232088,0.6129092505089367
Liverpool,North West,62.1,0.34,24.16,24.83,47.99,65.77,44.63,45.97,37.7,35,0.7491852673931629,0.021249021688245256,0.02224676411525371,0.014960713891936542,0.0350710078102265,0.5373042193756743
Luton,East of England,27.1,13.22,4.96,1.65,2.48,4.96,7.44,1.65,34.8,32,0.4353806405000864,0.032515824027391664,0.07817383656096373,0.011701141842969106,0.2393315428230379,0.4671339994470993
Maidstone,South East,8.2,14.74,4.21,6.32,1.05,0.0,2.11,13.68,40.1,41,0.7913407075062829,0.012783959265780966,0.007523182851504364,0.0026113076709207176,0.0269471687210044,0.6438006431925141
Maldon,East of England,0.8,20.0,0.0,0.0,0.0,0.0,0.0,2.5,43.0,45,0.8777032935004372,0.007373943456718158,0.002185951617604197,0.0008743806470416788,0.007053337219469542,0.7137955703502548
Malvern Hills,West Midlands,5.6,24.44,0.0,4.44,4.44,0.0,4.44,24.44,44.9,47,0.8779598391634568,0.0077158071410459205,0.001823297149136047,0.0011833319246048516,0.010891483632587512,0.7264591910874304
Manchester,North West,60.0,3.19,61.35,14.54,33.69,52.13,39.36,19.15,33.2,29,0.508829236543246,0.0352211415050153,0.06612651082440676,0.023399149619518604,0.1307596853957189,0.4812286949575271
Mansfield,East Midlands,37.1,0.0,10.45,31.34,17.91,22.39,13.43,0.0,40.2,41,0.8674921172037222,0.00945081049672298,0.0034009245729617952,0.0012903005289377665,0.011014552197356167,0.6325220670151684
Medway,South East,23.9,2.45,22.7,11.04,7.98,4.29,8.59,14.72,37.7,37,0.7996511017394102,0.017532984435072743,0.02256999136222753,0.006408888437240655,0.04611893027115831,0.6071794697715469
Melton,East Midlands,0.9,20.0,0.0,3.33,0.0,0.0,0.0,6.67,41.7,43,0.9236416758751147,0.007753825407824996,0.001779259453486412,0.0005618714063641301,0.009701646283220646,0.7039087275524948
Mendip,South West,3.0,12.12,1.52,0.0,3.03,1.52,3.03,6.06,41.9,43,0.8566673617683387,0.00798832229191062,0.0016842848205835645,0.0006977751399560481,0.007450955230105388,0.6600357154348595
Merton,London,3.9,1.61,1.61,0.0,0.0,0.0,1.61,4.03,36.3,34,0.49566166752858704,0.03575628723017105,0.07972188703097167,0.014553046409622862,0.1384550556417476,0.5211653060123191
Mid Devon,South West,2.0,20.93,0.0,4.65,0.0,0.0,0.0,46.51,42.3,44,0.8820928518791452,0.005572955047899779,0.0010823507737656596,0.000552689756816507,0.0049281503316138545,0.696642450422148
Mid Suffolk,East of England,2.1,35.71,0.0,3.57,1.79,0.0,0.0,10.71,42.4,44,0.8869125754791284,0.008935603645501257,0.0034786033079548437,0.0008719948992986535,0.006066459138131493,0.7297805701601753
Mid Sussex,South East,0.3,3.49,0.0,1.16,0.0,0.0,0.0,4.65,41.0,42,0.828465970022695,0.012264009776292491,0.004913085767014989,0.0020325710152879267,0.02344938524079108,0.6762955926101848
Middlesbrough,North East,57.1,0.0,45.35,39.53,48.84,56.98,50.0,0.0,37.8,37,0.7552649340838302,0.014626020942084176,0.010718730842822908,0.009263559411243832,0.06667781266061068,0.5726162430254185
Milton Keynes,South East,11.8,18.42,1.97,5.92,5.26,2.63,5.26,0.66,36.1,35,0.638296098164861,0.02641099159081725,0.05494191826864484,0.0050641111987735805,0.07306559932264707,0.5749663621785047
Mole Valley,South East,0.9,12.96,0.0,1.85,0.0,0.0,0.0,1.85,42.7,44,0.8537536082257011,0.01324245169718295,0.004203451254714397,0.0039400771159478305,0.022934620003792587,0.6833394980184939
New Forest,South East,2.9,11.4,0.0,1.75,0.0,0.0,0.0,6.14,45.2,47,0.9233519541057997,0.008710005215250036,0.003290446414650014,0.002177501303812509,0.008951949804562537,0.7231928668848147
Newark and Sherwood,East Midlands,14.6,8.57,0.0,15.71,7.14,0.0,4.29,4.29,41.6,43,0.8627534273025681,0.008959258544120486,0.0038540258737207954,0.0012666537941687585,0.008001544699748986,0.6640698882222532
Newcastle upon Tyne,North East,37.1,0.0,24.0,20.57,27.43,36.0,28.0,1.14,36.9,33,0.7141322831826725,0.012765893970583848,0.015394254005191085,0.012225901727378502,0.08087055103075867,0.5646068589923504
Newcastle-under-Lyme,West Midlands,12.0,0.0,1.25,12.5,2.5,6.25,1.25,2.5,40.8,41,0.9042423962850201,0.011455546329612203,0.006365900913368392,0.002913860442230218,0.02700126087892487,0.6821619046155265
Newham,London,28.8,100.0,10.98,0.0,1.22,0.61,4.27,9.76,31.3,29,0.198706395706792,0.0312206851311627,0.1349038080504367,0.023892947416261624,0.29977007068031764,0.4296688562640136
North Devon,South West,11.4,17.24,0.0,1.72,6.9,6.9,3.45,24.14,43.3,45,0.872457232022226,0.00746893493939221,0.0015033015546802155,0.0013986413198607067,0.007944663279480886,0.6963612592924829
North East Derbyshire,East Midlands,10.7,0.0,0.0,7.94,4.76,7.94,3.17,1.59,43.3,45,0.9243037757600587,0.007488638420716661,0.0022484970321744683,0.001162358635276632,0.007574386188892806,0.727262307295547
North East Lincolnshire,Yorkshire and The Humber,38.6,1.89,36.79,29.25,24.53,15.09,28.3,17.92,40.2,41,0.9326479290828666,0.007118121200117635,0.0024667350870559426,0.002814838821968947,0.012777807786720443,0.6332429719478989
North Hertfordshire,East of England,2.5,4.88,0.0,1.22,0.0,0.0,0.0,1.22,40.2,40,0.8081495746842999,0.023991074410705023,0.01770194501097933,0.004768368166345696,0.04847248772376154,0.6691719690822906
North Kesteven,East Midlands,0.7,9.38,0.0,0.0,0.0,0.0,0.0,3.13,42.7,44,0.8627071913338554,0.006452297050378491,0.0020474419211694074,0.001133842338814931,0.006117854346123728,0.7197832333270574
North Lincolnshire,Yorkshire and The Humber,20.4,4.95,12.87,17.82,5.94,10.89,7.92,0.0,40.8,42,0.8931994573798563,0.0069161829786287725,0.0027464585140213934,0.0022850090066048436,0.025290768785998622,0.6533453726618064
North Norfolk,East of England,4.7,30.65,0.0,0.0,1.61,1.61,0.0,22.58,47.5,51,0.930864817605149,0.0057387875067433074,0.0014602749409379243,0.0006231746563238276,0.004938891679223171,0.7337434997339208
North Somerset,South West,11.5,3.7,6.67,5.19,9.63,5.19,5.93,0.74,42.6,44,0.8558264875907332,0.008836441083148606,0.0027469900465075846,0.001690789759638371,0.010588081888121006,0.6893880273615465
North Tyneside,North East,23.2,0.0,11.45,5.34,12.98,15.27,9.92,0.0,40.9,41,0.8912799779472572,0.008338693374988514,0.0033722319213452174,0.0018928604245152991,0.017527336212441423,0.6832083039756112
North Warwickshire,West Midlands,5.7,10.53,2.63,7.89,2.63,0.0,2.63,7.89,41.7,43,0.8933262649466925,0.0074512575837898335,0.002532838546268481,0.0006921128585733639,0.008540967190905342,0.6889154457870432
North West Leicestershire,East Midlands,3.8,0.0,0.0,8.62,3.45,0.0,3.45,1.72,40.8,42,0.8526348297257081,0.008244663428694423,0.0019184517626360464,0.0011323544550193249,0.010050815575956652,0.6933542255040862
Northumberland,North East,20.5,14.21,13.2,13.2,16.24,8.63,10.66,7.11,42.8,45,0.9316074130672539,0.005069890781608162,0.0010127796005812994,0.0008210106821280358,0.007964402894512113,0.7205054448943032
Norwich,East of England,36.7,1.2,13.25,36.14,16.87,26.51,15.66,4.82,37.4,34,0.7545635381304083,0.019069910454879175,0.0134725560206073,0.006946492554640094,0.03667145662991573,0.6157672812936614
Nottingham,East Midlands,52.4,5.49,15.38,31.32,30.77,30.22,30.22,10.99,34.8,30,0.5904163996744723,0.054790853861315464,0.0599819932352965,0.012147806878800415,0.10825418197647224,0.5042793637769603
Nuneaton and Bedworth,West Midlands,20.9,1.23,9.88,13.58,8.64,3.7,4.94,1.23,39.7,40,0.8104887023474445,0.009897410083163768,0.007423057562372826,0.0038072415577786126,0.055867902188632156,0.6369583747691433
Oadby and Wigston,East Midlands,4.3,0.0,0.0,2.78,0.0,2.78,0.0,0.0,41.0,41,0.6669920127535666,0.01913034990971646,0.010915361215492981,0.012883705041237616,0.20366665039936233,0.6492811605516523
Oldham,North West,47.9,0.0,37.59,29.79,27.66,24.11,26.24,9.93,37.4,37,0.6753999751953367,0.015723831080243087,0.010840412997643557,0.002139402207615032,0.1672958266154037,0.5428302941816036
Oxford,South East,10.8,4.82,3.61,9.64,0.0,1.2,0.0,7.23,34.3,29,0.5599260811112536,0.028669697531128118,0.03338701478852832,0.009781426216502534,0.08943900504035611,0.5181132415842619
Pendle,North West,40.8,0.0,5.26,22.81,22.81,21.05,21.05,59.65,38.9,39,0.6927994877566068,0.009177694128604136,0.0012223990065582677,0.0013194148007295587,0.16305444526368892,0.5524985142389494
Peterborough,East of England,36.8,13.39,27.68,27.68,12.5,8.04,10.71,2.68,36.9,35,0.6062153697904119,0.019866698787440778,0.016718862924596484,0.005954388500762868,0.08629245964827752,0.4952187830069259
Plymouth,South West,30.6,0.0,9.94,12.42,19.25,22.98,12.42,16.77,39.0,38,0.8764029754641603,0.01169338916182555,0.005969427141327433,0.0035716953813425163,0.013895460318250865,0.6482904539231549
Portsmouth,South East,24.7,1.6,26.4,16.8,8.0,10.4,9.6,49.6,36.5,34,0.7724761876324983,0.023319697829267565,0.01611093811983603,0.009196500552387209,0.053208324624525995,0.6025884958590052
Preston,North West,41.6,1.16,25.58,11.63,13.95,27.91,20.93,30.23,36.9,35,0.6858468960884302,0.020312070597575498,0.010235427035940029,0.006430730709334636,0.13271855629179516,0.5679530458330014
Reading,South East,12.4,9.28,6.19,9.28,1.03,1.03,3.09,6.19,35.3,33,0.577658015646343,0.030696634794486526,0.0520054638023097,0.0074506395132248856,0.10510865515956787,0.5373659266650037
Redbridge,London,4.1,7.45,5.59,0.0,0.62,0.0,1.86,1.86,35.6,34,0.33228652022499006,0.03212220795316259,0.06966447770568475,0.021085806896629075,0.3266701809678161,0.5102630704131711
Redcar and Cleveland,North East,36.3,0.0,13.64,19.32,32.95,35.23,26.14,1.14,41.5,43,0.9334081267748834,0.0059811380289590856,0.000855449987729201,0.0009115450688917716,0.006093328191284227,0.6696898278691974
Redditch,West Midlands,26.0,29.09,0.0,16.36,7.27,9.09,3.64,0.0,38.6,38,0.8464840890966889,0.018079330573185785,0.009416545591592837,0.001868015424782338,0.044013065183906665,0.6090044276883959
Reigate and Banstead,South East,1.5,8.14,0.0,1.16,0.0,0.0,0.0,0.0,39.9,40,0.7675263125500092,0.018692681725857082,0.013331692004677787,0.0046839416507662955,0.043035637348433554,0.6302367490509602
Ribble Valley,North West,0.0,12.5,0.0,0.0,0.0,0.0,0.0,12.5,42.5,44,0.8660717052461963,0.005577763316909919,0.0014254284032103126,0.0007282079885965728,0.011294970716742587,0.7078053174307367
Richmond upon Thames,London,0.8,0.0,0.87,0.0,0.87,0.0,0.0,0.0,38.3,38,0.6940189847439393,0.029293710493456443,0.012166827249199607,0.013229696390997584,0.05879048948148404,0.5887234254829069
Richmondshire,Yorkshire and The Humber,1.2,26.47,0.0,5.88,0.0,0.0,0.0,14.71,40.0,40,0.8801414281399357,0.00891921184016488,0.008812607714585221,0.0029138460991773715,0.02215589076630599,0.7076160528700102
Rochdale,North West,47.6,0.0,41.79,15.67,27.61,27.61,29.85,4.48,37.9,38,0.7118483373249626,0.014712004979574676,0.011418395571146498,0.003528572782996896,0.13038406206330821,0.5630514052306497
Rochford,East of England,1.6,3.77,0.0,1.89,0.0,0.0,1.89,0.0,42.3,44,0.8948678518879092,0.010012058722660443,0.004790299919239747,0.0014492593289154893,0.009746545563164474,0.6857532605802502
Rossendale,North West,22.0,0.0,6.98,9.3,16.28,11.63,11.63,6.98,39.6,40,0.8587926155504649,0.008112114270313974,0.0016574585635359116,0.0011184476485648835,0.04576202668104029,0.6302572065077972
Rother,South East,11.1,17.24,0.0,6.9,5.17,1.72,5.17,13.79,47.2,50,0.8865478774418253,0.010408358992478927,0.003079097471101913,0.001998889505830094,0.011135227903689869,0.7053020337954062
Rotherham,Yorkshire and The Humber,35.7,0.0,18.56,23.35,26.95,29.34,19.76,1.2,40.2,41,0.8622145145224053,0.009140551657911899,0.007567559820270455,0.004686727388690225,0.037805550977118164,0.6580335249282865
Rugby,West Midlands,3.9,9.84,1.64,1.64,0.0,0.0,0.0,0.0,40.0,40,0.7422170043676727,0.016304883255065517,0.01631309316607008,0.0025614922334241895,0.042896784998850614,0.615235098874128
Runnymede,South East,0.6,15.38,0.0,1.92,0.0,0.0,0.0,0.0,39.7,39,0.7406220507555251,0.017329890171432126,0.008939775779637638,0.008120469182663887,0.05767296184520291,0.5994321136604747
Rushcliffe,East Midlands,0.0,4.41,0.0,1.47,0.0,0.0,0.0,2.94,41.2,42,0.832938922695515,0.015687884349141954,0.005046846324736791,0.0035014005602240898,0.03713899352844586,0.6909438806403952
Rushmoor,South East,7.1,6.9,1.72,3.45,0.0,3.45,3.45,1.72,36.6,36,0.7427285318559557,0.019250205884554915,0.01748147039005765,0.005680542037882758,0.0912910833270944,0.6475109055847827
Rutland,East Midlands,0.0,26.09,0.0,0.0,0.0,0.0,0.0,0.0,42.4,43,0.8522751322751323,0.00914756025867137,0.005902410346854792,0.0014814814814814814,0.008583186360964138,0.7168172585277021
Ryedale,Yorkshire and The Humber,0.0,36.67,0.0,0.0,0.0,0.0,0.0,36.67,44.6,47,0.8897712001954659,0.005270598090717116,0.0013961849246932757,0.0005584739698773103,0.004764481055515803,0.7270740067151651
Salford,North West,47.2,0.67,31.33,18.0,30.0,44.0,26.0,5.33,37.4,35,0.7130976075388927,0.015624788442530837,0.022140758492763042,0.00841152497393612,0.031916406027864656,0.5384123137249562
Sandwell,West Midlands,53.5,0.0,2.69,20.97,20.43,13.44,26.34,23.12,37.4,36,0.5829261359791009,0.02761001096387336,0.04969477117990227,0.012934663436159125,0.16041906360400113,0.5240206686632979
Scarborough,Yorkshire and The Humber,26.1,4.23,5.63,16.9,15.49,14.08,9.86,28.17,44.2,46,0.9193159755928443,0.007531895714880044,0.0020801553182637636,0.0018721397864373873,0.011822216058799058,0.694219688344646
Sedgemoor,South West,16.8,10.0,8.57,10.0,7.14,2.86,5.71,20.0,42.4,44,0.8562650199251666,0.006608767073282025,0.0010647035561098775,0.0009126030480941807,0.005589693669576856,0.6796579397046258
Sefton,North West,29.8,0.0,8.47,11.11,25.4,29.1,21.16,14.29,42.5,44,0.9098419675062533,0.009623226783965384,0.0027163434468214344,0.0024365191218976186,0.009278565115461658,0.6446312075167198
Selby,Yorkshire and The Humber,3.0,8.0,0.0,6.0,2.0,0.0,2.0,0.0,40.9,42,0.8581050646833919,0.006557377049180328,0.0022207091604252867,0.00042947677159168283,0.005164196302309747,0.6975584142819637
Sevenoaks,South East,2.7,12.16,4.05,0.0,1.35,0.0,0.0,6.76,41.4,43,0.8590300086186633,0.013123873697406566,0.006683381650082269,0.001966622267491969,0.01633628457259265,0.6525765496639283
Sheffield,Yorkshire and The Humber,34.0,0.87,19.71,25.22,25.22,20.58,23.48,6.09,37.9,36,0.7510566624578919,0.02159475186916723,0.03263344172147011,0.020146868362851632,0.07212604874053635,0.6042999947969511
Shropshire,West Midlands,4.3,24.35,0.0,5.7,1.04,0.0,1.55,23.83,42.6,44,0.8976447321107516,0.006496464101642095,0.0017379839386311878,0.0012525470454273044,0.009256262735227137,0.7248034803480348
Slough,South East,11.2,51.25,8.75,0.0,0.0,1.25,0.0,0.0,33.5,32,0.3580230295076083,0.026686409449613837,0.06794994755823279,0.020090525146808903,0.31239027892289656,0.49260758751353295
Solihull,West Midlands,17.1,2.24,4.48,14.18,14.93,5.97,13.43,0.75,41.3,42,0.7956092756427979,0.019024744263201547,0.013992085982858723,0.005296170859828587,0.05858187033453138,0.6395221313358562
South Cambridgeshire,East of England,0.1,22.92,0.0,0.0,0.0,0.0,0.0,0.0,40.1,41,0.7843584290372891,0.014314476109456969,0.007191266127888842,0.0036069757549978734,0.031419254218063235,0.6652127617171263
South Derbyshire,East Midlands,5.2,8.62,0.0,8.62,1.72,1.72,0.0,1.72,39.5,40,0.8124578973368662,0.009538779359590426,0.0038173081241298784,0.0019939821260160774,0.021332015987784614,0.6857070757140153
South Gloucestershire,South West,1.3,4.24,1.21,3.64,0.0,0.0,0.0,2.42,39.8,40,0.8087977186533826,0.011896612693397007,0.00719571501335003,0.0028159966779025365,0.02089287857798656,0.6679929783499122
South Hams,South West,0.1,18.37,0.0,0.0,0.0,0.0,0.0,32.65,45.3,48,0.8796328182170375,0.007027248073694632,0.0013021393827213636,0.001334423830226852,0.004928758985837889,0.7020894812508782
South Holland,East Midlands,2.1,12.24,0.0,8.16,0.0,0.0,0.0,0.0,43.4,45,0.8539554957237884,0.007879315806145074,0.0025439499524865378,0.0009898637947418436,0.007394282546721571,0.6372838548658135
South Kesteven,East Midlands,3.5,12.35,0.0,4.94,1.23,0.0,3.7,0.0,41.8,43,0.868061522884568,0.007607095515011025,0.003390553079807891,0.0010857763300760044,0.01052470307681035,0.6931839439856757
South Lakeland,North West,0.0,13.56,0.0,1.69,0.0,0.0,0.0,23.73,45.4,48,0.9284399992712831,0.005765972563808275,0.0016669399355085533,0.0008471334098486091,0.007168752618826401,0.7262535633360134
South Norfolk,East of England,0.0,19.75,0.0,0.0,0.0,0.0,0.0,8.64,43.0,45,0.8194139194139194,0.008234974901641568,0.002564102564102564,0.001146384479717813,0.008614841948175281,0.7108515689302161
South Oxfordshire,South East,0.0,15.73,0.0,2.25,0.0,0.0,0.0,6.74,40.9,42,0.8158822821758043,0.01140328105510425,0.004862698417723523,0.0018361751837758092,0.01522759074820973,0.6894941485914687
South Ribble,North West,6.0,1.43,0.0,4.29,4.29,4.29,4.29,11.43,40.8,42,0.9168088848076373,0.010170401878145763,0.002321693103358658,0.0013514332989699653,0.013964810756022975,0.6874056726515743
South Somerset,South West,5.7,11.65,2.91,5.83,0.97,0.0,0.0,15.53,42.9,44,0.8706305075031551,0.006381677201761299,0.0019674082565015404,0.0010415690769714036,0.0077649250235593,0.6975503622548154
South Staffordshire,West Midlands,2.0,5.88,0.0,1.47,0.0,0.0,0.0,2.94,43.2,45,0.8981814712998535,0.01296471343213688,0.005012444390485028,0.002046603591962745,0.01840208822942773,0.7116884696235298
South Tyneside,North East,45.1,0.98,10.78,7.84,41.18,40.2,33.33,0.0,41.2,42,0.8925643715490003,0.008323230292789256,0.0026383069607331983,0.0061057961091254016,0.02079865320711338,0.6463656200675374
Southampton,South East,28.4,0.68,39.86,16.22,8.11,15.54,8.78,13.51,36.1,32,0.7243304327366968,0.020241197503181624,0.018063076391092163,0.00968568749844038,0.07091192334154436,0.5592269482525274
Southend-on-Sea,East of England,22.2,0.0,7.48,8.41,12.15,10.28,12.15,0.0,40.2,40,0.8177919858331274,0.018794786261428217,0.01877419487686352,0.004617617988633555,0.03315212914916399,0.6137782317557599
Southwark,London,23.1,18.67,15.06,0.0,0.6,1.2,7.83,18.67,33.7,32,0.4053423775293971,0.04616798936302821,0.20128962895250757,0.024548655835791747,0.07061536543815182,0.5103365955968584
Spelthorne,South East,1.7,8.33,1.67,0.0,0.0,0.0,0.0,1.67,40.4,41,0.7450561053743042,0.021314673300284553,0.013825008500814289,0.008241315747087353,0.06527730551031731,0.6262275363099405
St Albans,East of England,0.1,2.3,2.3,0.0,0.0,0.0,0.0,0.0,38.9,39,0.7567994053566641,0.023785733434065266,0.014549265225550168,0.005976896644164453,0.05490093339507226,0.6359611303746919
St. Helens,North West,40.1,0.0,10.08,15.97,29.41,42.02,22.69,3.36,40.7,41,0.9007822494390034,0.006181448314913072,0.0013002537592013926,0.0012583100895497347,0.00924857915819055,0.6578440277857994
Stafford,West Midlands,5.0,12.5,0.0,1.25,1.25,2.5,1.25,6.25,41.8,43,0.8630049408281968,0.01177181851663968,0.007692681875985907,0.003279987213609167,0.02284872448802318,0.6801395471666644
Staffordshire Moorlands,West Midlands,5.2,11.86,0.0,5.08,0.0,0.0,0.0,11.86,43.4,45,0.9655568659469594,0.006068120193131533,0.001209592065076053,0.0005745562309111252,0.0050601268055681554,0.7316386745347254
Stevenage,East of England,5.4,5.77,5.77,0.0,0.0,0.0,0.0,0.0,37.8,37,0.767675185834795,0.023646955650212978,0.02960828530861104,0.004280464378184248,0.050613881232773744,0.6135231837964513
Stockport,North West,17.5,0.0,13.16,6.32,10.0,12.11,8.42,5.79,40.8,41,0.8302851029414574,0.016251568161700557,0.00623443778616961,0.0051964261833650684,0.04381937324477333,0.6499896240721527
Stockton-on-Tees,North East,30.2,1.67,10.0,16.67,20.83,28.33,21.67,0.0,39.1,39,0.8755981323769659,0.009652285711523776,0.005476234206888551,0.002653532726903632,0.03205506201243149,0.6488336873478907
Stoke-on-Trent,West Midlands,50.7,0.0,22.01,32.08,30.82,42.77,28.3,8.81,38.5,38,0.7928961532515254,0.01614706738910801,0.013450496348842812,0.005831784303080203,0.0663068841660944,0.5945546104753917
Stratford-on-Avon,West Midlands,0.1,16.44,0.0,0.0,0.0,0.0,0.0,8.22,43.8,46,0.8062637665198238,0.008659140969162996,0.001817180616740088,0.0013078193832599119,0.010090859030837004,0.6976348900358601
Stroud,South West,0.7,1.45,0.0,1.45,0.0,0.0,0.0,1.45,42.3,44,0.8732001012690275,0.009620557612582677,0.0020570271211114276,0.0009968669894616917,0.005941643722902623,0.7080020609567595
Sunderland,North East,39.6,0.0,17.84,21.62,31.89,32.97,25.41,0.0,40.4,41,0.902412700147549,0.006072736215093721,0.00434791518662222,0.002858762773922072,0.02505601398983551,0.6676158116385911
Surrey Heath,South East,0.0,3.64,0.0,1.82,0.0,0.0,0.0,0.0,40.2,41,0.7954323938893392,0.0166822271696642,0.008833577855523295,0.005909571248294329,0.05528937405739261,0.6636767610269915
Sutton,London,5.8,0.83,0.0,0.83,2.48,0.0,2.48,0.83,38.3,38,0.6620887895241137,0.03164590652613648,0.04045565846907272,0.010681713332623586,0.09774566166294049,0.5974346302653079
Swale,South East,25.6,14.12,9.41,25.88,17.65,5.88,15.29,8.24,39.6,40,0.808391027587874,0.00976205381215949,0.008646390519341263,0.0013697865984046015,0.009229014683368559,0.6310249858564758
Swindon,South West,15.7,0.76,15.15,12.12,6.06,6.06,6.06,2.27,38.1,38,0.7633916226108174,0.017185847905652703,0.011634810898739325,0.003277755185034567,0.05435136234241562,0.6497277602986485
Tameside,North West,41.6,0.0,26.95,13.48,19.86,29.79,17.02,9.22,39.1,39,0.809443391209389,0.012824208077749045,0.007242287815987431,0.0016197717705039155,0.05907904405048492,0.6049826263152327
Tamworth,West Midlands,16.3,0.0,0.0,17.65,3.92,7.84,7.84,0.0,38.6,39,0.9097348148328445,0.009772541956212197,0.004782825639839843,0.0011318137010308024,0.00928574036437099,0.6419634146341463
Tandridge,South East,0.0,10.0,0.0,0.0,0.0,0.0,0.0,0.0,41.3,43,0.8259337711688505,0.019042651707877847,0.009388272110871024,0.0030123367430572555,0.023034263999914845,0.6600587449933244
Teignbridge,South West,4.0,7.14,0.0,0.0,0.0,0.0,0.0,21.43,44.6,47,0.8619058044195227,0.006532532009406846,0.0008262770217303795,0.0008615880055650111,0.006306541712865204,0.7147114833247202
Telford and Wrekin,West Midlands,26.1,2.78,12.96,19.44,18.52,16.67,17.59,0.93,38.1,38,0.7904854150011275,0.015287087714982679,0.009116905479367813,0.0024240001639915547,0.03582702990795974,0.6204003676111947
Tendring,East of England,31.4,4.49,12.36,20.22,17.98,16.85,14.61,6.74,45.7,48,0.8638215947376865,0.009414407187550137,0.002785175677843735,0.0013155783731750362,0.008182255735600835,0.6921703942832473
Test Valley,South East,1.5,18.31,4.23,4.23,0.0,0.0,0.0,5.63,41.4,43,0.8142976087877416,0.010911640543975226,0.003556873457105713,0.0029506712046626447,0.01729502329861669,0.7037897891313087
Tewkesbury,South West,2.1,10.0,0.0,6.0,0.0,0.0,0.0,2.0,42.4,44,0.7949662921348315,0.0077503121098626716,0.002546816479400749,0.0010986267166042446,0.008998751560549313,0.7003326853317835
Thanet,South East,36.4,1.19,32.14,20.24,25.0,7.14,20.24,2.38,41.9,43,0.8558162235162763,0.014614937187861445,0.0060839857460905375,0.0026207938598543853,0.016740989349682094,0.6506634839107666
Three Rivers,East of England,1.6,0.0,0.0,0.0,1.89,0.0,0.0,0.0,40.0,41,0.7328182544476705,0.019505446325922174,0.015686198094273077,0.004072565716401333,0.07787564060094702,0.6430226532787126
Thurrock,East of England,12.1,7.14,11.22,8.16,2.04,0.0,5.1,3.06,36.8,36,0.7292249074443857,0.016724772523665093,0.06650512159055338,0.005002860319276393,0.031987004436193296,0.5466040735973348
Tonbridge and Malling,South East,3.9,11.11,2.78,4.17,0.0,0.0,0.0,4.17,39.8,41,0.83998283998284,0.012193791854808804,0.0030611725526979764,0.002937562259596158,0.01767627191356005,0.667220703480955
Torbay,South West,29.1,1.12,11.24,7.87,16.85,12.36,11.24,10.11,44.2,46,0.8753085403982228,0.00973616367725303,0.0017209697767538808,0.0016181229773462784,0.00927678130656574,0.6783770036567595
Torridge,South West,10.3,32.43,0.0,5.41,2.7,0.0,0.0,48.65,44.6,47,0.8811996193461711,0.006003694581280788,0.0007137259292431706,0.0009376399462606359,0.0037925436632333183,0.7188495264819361
Tower Hamlets,London,30.6,6.94,21.53,0.69,0.69,1.39,15.28,13.89,30.9,29,0.29531515240501893,0.026686655899270755,0.04798703790999178,0.014906918695857129,0.26918747375769236,0.4930987505352069
Trafford,North West,11.3,0.72,2.17,1.45,5.8,5.07,7.25,2.9,39.3,39,0.7557207256391458,0.023518538738710633,0.02550343945467875,0.00857913865447909,0.07008766319861486,0.6244582140230639
Tunbridge Wells,South East,1.4,4.41,1.47,4.41,0.0,0.0,0.0,8.82,39.6,40,0.879171173498216,0.015280176936861308,0.005149895872011366,0.00303504835090325,0.02343283341136206,0.6519006793917826
Uttlesford,East of England,0.0,23.91,0.0,0.0,0.0,0.0,0.0,0.0,40.6,42,0.7925603425096692,0.010103621584727709,0.004312395292560342,0.001716684936606755,0.011603135535378188,0.6756078073279306
Vale of White Horse,South East,0.7,7.89,0.0,1.32,0.0,0.0,0.0,0.0,40.8,41,0.7740657768660846,0.010620926058381355,0.008299707148544515,0.0026855962968461112,0.01998677445039744,0.6708237011801922
Wakefield,Yorkshire and The Humber,32.5,0.0,23.92,28.23,19.14,15.31,9.57,0.96,40.2,41,0.8269975135900671,0.007794655549698916,0.006687218149195245,0.0025077068059482168,0.02262260343625047,0.6434197855898679
Walsall,West Midlands,48.4,0.0,5.99,28.14,19.76,13.77,31.74,5.39,38.8,38,0.6998941163664432,0.023828765383638505,0.021008500377684612,0.007385465904480428,0.1353133462856615,0.5884908642432498
Waltham Forest,London,17.8,47.92,4.17,0.0,2.08,0.0,6.94,16.67,34.4,32,0.4105710673076336,0.042043601224108336,0.13679899334803403,0.03208092309007947,0.1661128451967186,0.4751518947313482
Wandsworth,London,5.0,9.5,3.35,0.0,0.0,0.0,1.68,8.38,34.5,32,0.524391470047495,0.03648546422552474,0.07841466217251417,0.015426306113068791,0.07980791328328482,0.5290272934952507
Warrington,North West,18.4,0.0,4.72,10.24,10.24,12.6,6.3,4.72,39.5,40,0.8572110560538215,0.009477122738464122,0.003067688050603592,0.002152685995164192,0.021708092242815908,0.6470012098865011
Warwick,West Midlands,1.9,4.65,4.65,1.16,1.16,0.0,0.0,3.49,39.7,39,0.7792140148507619,0.017804399331779235,0.006180406903254083,0.007698513018236329,0.06316972934518177,0.6681707961278743
Watford,East of England,3.1,0.0,3.77,0.0,0.0,0.0,0.0,5.66,36.5,35,0.5689021770580345,0.027215417393667857,0.045847106169938534,0.007470211217591821,0.14177619177049267,0.5591140166165937
Waverley,South East,0.3,4.88,0.0,0.0,0.0,0.0,0.0,0.0,41.5,42,0.8400423805164945,0.011697887460989024,0.0038776731078324672,0.002962311612117368,0.01645488421037458,0.6690820207980793
Wealden,South East,2.5,17.89,0.0,4.21,0.0,0.0,0.0,14.74,44.0,46,0.8619191323964454,0.008499848216996125,0.0020416302089843632,0.001499973214764022,0.010231960143568865,0.6922236288935602
Welwyn Hatfield,East of England,2.3,11.94,2.99,0.0,0.0,0.0,0.0,0.0,38.0,36,0.7136396151094907,0.021513564236872264,0.038373676073563005,0.008530047457522826,0.0669481813077355,0.587815194027781
West Berkshire,South East,0.8,9.28,0.0,1.03,0.0,0.0,0.0,4.12,39.4,40,0.8512664699523795,0.014140056677086682,0.008039966110607965,0.0021268515001898977,0.022250138771217388,0.6809741996266583
West Devon,South West,0.0,22.58,0.0,0.0,0.0,0.0,0.0,45.16,44.6,47,0.8958630770276701,0.006832551499082195,0.0010027874090692774,0.0010537765993609354,0.005098919029165817,0.7207625023444558
West Lancashire,North West,16.4,1.37,4.11,5.48,15.07,1.37,10.96,1.37,41.2,42,0.9112994587336886,0.007267234506776319,0.0014601602819619855,0.0010825326228338858,0.007661645617421223,0.665319531499437
West Lindsey,East Midlands,16.1,21.15,7.69,11.54,13.46,3.85,9.62,9.62,43.1,45,0.8859696229722472,0.006383431449038939,0.002269664515213845,0.0006890052992613458,0.007376409674444996,0.7124190975503195
West Oxfordshire,South East,0.0,10.61,0.0,3.03,0.0,0.0,0.0,4.55,41.1,42,0.8373248460298434,0.010441036663497705,0.003612615219278304,0.0015376348530566693,0.01177200016533708,0.6976528234933216
Westminster,London,15.9,0.0,7.03,0.0,10.16,0.78,10.94,37.5,36.7,34,0.45730998106572895,0.03852786042737354,0.055693805788477144,0.08228631322694076,0.10772923992426292,0.4706516863166762
Wigan,North West,31.4,0.0,21.0,14.0,19.0,21.5,13.5,2.0,39.6,40,0.9060025505342929,0.008079623576318142,0.00491930637193826,0.0020609489746558976,0.010316471467729878,0.6470672952573538
Wiltshire,South West,2.9,14.04,0.7,4.56,0.7,0.0,0.35,5.96,40.8,42,0.844615602035048,0.010353753235547885,0.006002499181815477,0.001926452649430246,0.011488054505965309,0.6944222104055302
Winchester,South East,0.3,12.86,0.0,2.86,0.0,0.0,0.0,10.0,40.9,42,0.8212388597060734,0.011996104585964704,0.0033715988903972142,0.0021837927167561826,0.01946969249837691,0.6767606570951191
Windsor and Maidenhead,South East,0.1,2.25,0.0,0.0,0.0,0.0,0.0,1.12,39.8,40,0.7347418950554517,0.01959729480479557,0.01019768734186195,0.006898957175624867,0.08186526046962567,0.6384119153780476
Wirral,North West,35.3,0.49,10.68,12.62,28.64,34.95,24.27,14.56,41.4,42,0.9116216851884518,0.009660727935555948,0.002043276297994943,0.001558181925089669,0.0150408655259599,0.6482452756288118
Woking,South East,1.4,3.28,0.0,0.0,0.0,0.0,0.0,1.64,38.7,38,0.7169708361122901,0.02022503053243367,0.011979108019852578,0.009458558176195961,0.09928021411681145,0.6078045895022529
Wokingham,South East,0.0,3.03,0.0,0.0,0.0,0.0,0.0,0.0,39.4,40,0.7179127758689741,0.01676819628591303,0.011029489260344428,0.006018001306886449,0.06027486773044413,0.652343563868932
Wolverhampton,West Midlands,48.3,1.27,3.16,17.72,25.32,9.49,29.75,3.16,38.5,37,0.5737456835263051,0.0432798429142122,0.05859909269415668,0.01603019838851649,0.1522107116257025,0.5407692829983705
Worcester,West Midlands,18.7,0.0,11.11,15.87,11.11,7.94,14.29,19.05,38.3,37,0.8489919596231246,0.01284802490398519,0.004356355397551968,0.0022104128867071293,0.04021109443068053,0.6480735365977338
Worthing,South East,7.2,0.0,3.08,3.08,3.08,3.08,0.0,9.23,42.2,42,0.8398180509868421,0.01572779605263158,0.007444147478070175,0.0036578262061403508,0.028885690789473683,0.6838364828516675
Wychavon,West Midlands,3.8,29.49,3.85,5.13,1.28,0.0,0.0,7.69,43.5,45,0.8208992842020365,0.006927541658865381,0.0016418705802716288,0.0012097993749369896,0.008130139847046794,0.7032165326745691
Wyre,North West,15.9,0.0,7.25,10.14,13.04,17.39,14.49,7.25,44.7,47,0.908424027418676,0.005703634348935293,0.001116675399640946,0.0009448791843115696,0.008529682091103533,0.6988874452542183
Wyre Forest,West Midlands,21.0,15.38,6.15,10.77,6.15,1.54,4.62,10.77,42.7,44,0.8966429509528804,0.009429594565227661,0.0020219771913414022,0.000944849154832431,0.013133403252170791,0.6868498695010781
York,Yorkshire and The Humber,5.4,0.83,0.0,6.67,0.83,0.83,0.0,4.17,39.5,38,0.8541391820580475,0.011053393433010848,0.005469437115215479,0.004457087364409264,0.030874377015537965,0.6667337501658029
